{
  "blocks": {
    "auto_prepare_latents": {
      "calls": 4,
      "cpu_ms": 0.3467189999355469,
      "gpu_ms": 0.28915199637413025
    },
    "auto_preprocess_video": {
      "calls": 4,
      "cpu_ms": 0.11959599942201748,
      "gpu_ms": 0.06361599918454885
    },
    "decode": {
      "calls": 4,
      "cpu_ms": 800.4445200022019,
      "gpu_ms": 800.3812408447266
    },
    "denoise": {
      "calls": 4,
      "cpu_ms": 1395.7424959990021,
      "gpu_ms": 1395.6802978515625
    },
    "embedding_blending": {
      "calls": 4,
      "cpu_ms": 0.23572100326418877,
      "gpu_ms": 0.17679999768733978
    },
    "prepare_context_frames": {
      "calls": 4,
      "cpu_ms": 0.6119190038589295,
      "gpu_ms": 0.5470400080084801
    },
    "prepare_next": {
      "calls": 4,
      "cpu_ms": 0.16318399866577238,
      "gpu_ms": 0.10144000127911568
    },
    "recompute_kv_cache": {
      "calls": 4,
      "cpu_ms": 442.5559359988256,
      "gpu_ms": 442.4959945678711
    },
    "set_timesteps": {
      "calls": 4,
      "cpu_ms": 0.2823490031005349,
      "gpu_ms": 0.22518400102853775
    },
    "setup_caches": {
      "calls": 4,
      "cpu_ms": 0.2924309992522467,
      "gpu_ms": 0.23660799860954285
    },
    "text_conditioning": {
      "calls": 4,
      "cpu_ms": 0.404595000873087,
      "gpu_ms": 0.3308800011873245
    }
  },
  "meta": {
    "cuda": "13.0",
    "cuda_capability": [
      10,
      3
    ],
    "cuda_device": "NVIDIA B300 SXM6 AC",
    "torch": "2.9.0+cu130"
  },
  "total_cpu_ms": 2641.199466008402,
  "total_gpu_ms": 2640.528253267519
}