{
  "meta": {
    "cuda": "12.9",
    "cuda_capability": [
      10,
      3
    ],
    "cuda_device": "NVIDIA B300 SXM6 AC",
    "first_batch": false,
    "t": 3,
    "torch": "2.8.0+cu129",
    "z_device": "cuda:0",
    "z_dtype": "torch.bfloat16",
    "z_shape": [
      1,
      16,
      3,
      40,
      72
    ]
  },
  "steps": {
    "apply_scale": {
      "calls": 4,
      "cpu_ms": 0.2480140065017622,
      "gpu_ms": 0.14265600219368935
    },
    "cat": {
      "calls": 1,
      "cpu_ms": 0.23000500004854985,
      "gpu_ms": 0.15334400534629822
    },
    "conv2": {
      "calls": 4,
      "cpu_ms": 0.6742629993823357,
      "gpu_ms": 0.5953600034117699
    },
    "decoder_chunk": {
      "calls": 3,
      "cpu_ms": 2326.0573189982097,
      "gpu_ms": 2325.8477172851562
    },
    "decoder_first": {
      "calls": 1,
      "cpu_ms": 92.5850250023359,
      "gpu_ms": 92.52365112304688
    },
    "decoder_rest": {
      "calls": 1,
      "cpu_ms": 524.5360320004693,
      "gpu_ms": 524.418701171875
    }
  },
  "total_cpu_ms": 2944.3306580069475,
  "total_gpu_ms": 2943.68142959103
}