{
  "meta": {
    "batch_size": 1,
    "cuda": "13.0",
    "cuda_capability": [
      10,
      3
    ],
    "cuda_device": "NVIDIA B300 SXM6 AC",
    "kv_cache_attention_bias": 0.3,
    "latent_device": "cuda:0",
    "latent_dtype": "torch.bfloat16",
    "num_denoising_steps": 4,
    "num_frames": 3,
    "torch": "2.9.0+cu130"
  },
  "steps": {
    "generator": {
      "calls": 16,
      "cpu_ms": 2274.108086989145,
      "gpu_ms": 2273.8411407470703
    },
    "randn": {
      "calls": 12,
      "cpu_ms": 0.40143198566511273,
      "gpu_ms": 0.22492799907922745
    },
    "scheduler_add_noise": {
      "calls": 12,
      "cpu_ms": 1.3132000021869317,
      "gpu_ms": 1.1401279866695404
    }
  },
  "total_cpu_ms": 2275.822718976997,
  "total_gpu_ms": 2275.206196732819
}