{
  "blocks": {
    "auto_prepare_latents": {
      "calls": 4,
      "cpu_ms": 0.2641000028233975,
      "gpu_ms": 0.20732799917459488
    },
    "auto_preprocess_video": {
      "calls": 4,
      "cpu_ms": 0.1144900088547729,
      "gpu_ms": 0.046176000498235226
    },
    "decode": {
      "calls": 4,
      "cpu_ms": 242.5647499912884,
      "gpu_ms": 242.45673751831055
    },
    "denoise": {
      "calls": 4,
      "cpu_ms": 1076.4111419921392,
      "gpu_ms": 1076.25048828125
    },
    "embedding_blending": {
      "calls": 4,
      "cpu_ms": 0.214806008443702,
      "gpu_ms": 0.15583999827504158
    },
    "prepare_context_frames": {
      "calls": 4,
      "cpu_ms": 0.572256998566445,
      "gpu_ms": 0.4482560008764267
    },
    "prepare_next": {
      "calls": 4,
      "cpu_ms": 0.1345310010947287,
      "gpu_ms": 0.06889599934220314
    },
    "recompute_kv_cache": {
      "calls": 4,
      "cpu_ms": 274.19299399480224,
      "gpu_ms": 274.10157012939453
    },
    "set_timesteps": {
      "calls": 4,
      "cpu_ms": 0.2004289926844649,
      "gpu_ms": 0.14384000189602375
    },
    "setup_caches": {
      "calls": 4,
      "cpu_ms": 0.21850700431969017,
      "gpu_ms": 0.16473600268363953
    },
    "text_conditioning": {
      "calls": 4,
      "cpu_ms": 0.29476000054273754,
      "gpu_ms": 0.22204800322651863
    }
  },
  "meta": {
    "cuda": "13.0",
    "cuda_capability": [
      10,
      3
    ],
    "cuda_device": "NVIDIA B300 SXM6 AC",
    "torch": "2.9.0+cu130"
  },
  "total_cpu_ms": 1595.1827659955597,
  "total_gpu_ms": 1594.2659159349278
}