{
  "meta": {
    "batch_size": 1,
    "cuda": "13.0",
    "cuda_capability": [
      10,
      3
    ],
    "cuda_device": "NVIDIA B300 SXM6 AC",
    "kv_cache_attention_bias": 0.3,
    "latent_device": "cuda:0",
    "latent_dtype": "torch.bfloat16",
    "num_denoising_steps": 4,
    "num_frames": 3,
    "torch": "2.9.0+cu130"
  },
  "steps": {
    "generator": {
      "calls": 12,
      "cpu_ms": 1078.444696002407,
      "gpu_ms": 1078.225570678711
    },
    "randn": {
      "calls": 9,
      "cpu_ms": 0.31124099405133165,
      "gpu_ms": 0.17343999911099672
    },
    "scheduler_add_noise": {
      "calls": 9,
      "cpu_ms": 1.0418830024718773,
      "gpu_ms": 0.9127359911799431
    }
  },
  "total_cpu_ms": 1079.7978199989302,
  "total_gpu_ms": 1079.3117466690019
}