{
  "meta": {
    "batch_size": 1,
    "cuda": "12.8",
    "cuda_capability": [
      10,
      3
    ],
    "cuda_device": "NVIDIA B300 SXM6 AC",
    "kv_cache_attention_bias": 0.3,
    "latent_device": "cuda:0",
    "latent_dtype": "torch.bfloat16",
    "num_denoising_steps": 4,
    "num_frames": 3,
    "torch": "2.8.0+cu128"
  },
  "steps": {
    "generator": {
      "calls": 16,
      "cpu_ms": 1857.9084500015597,
      "gpu_ms": 1857.5188369750977
    },
    "randn": {
      "calls": 12,
      "cpu_ms": 0.5743709989474155,
      "gpu_ms": 0.2853759992867708
    },
    "scheduler_add_noise": {
      "calls": 12,
      "cpu_ms": 1.5192530081549194,
      "gpu_ms": 1.2910719886422157
    }
  },
  "total_cpu_ms": 1860.002074008662,
  "total_gpu_ms": 1859.0952849630266
}