{
  "blocks": {
    "auto_prepare_latents": {
      "calls": 4,
      "cpu_ms": 0.3480820087133907,
      "gpu_ms": 0.287103995680809
    },
    "auto_preprocess_video": {
      "calls": 4,
      "cpu_ms": 0.12904599134344608,
      "gpu_ms": 0.06822399981319904
    },
    "decode": {
      "calls": 4,
      "cpu_ms": 241.71325098723173,
      "gpu_ms": 241.5665283203125
    },
    "denoise": {
      "calls": 4,
      "cpu_ms": 1106.7414680001093,
      "gpu_ms": 1106.5132751464844
    },
    "embedding_blending": {
      "calls": 4,
      "cpu_ms": 0.2590140138636343,
      "gpu_ms": 0.1963840015232563
    },
    "prepare_context_frames": {
      "calls": 4,
      "cpu_ms": 0.7478000115952455,
      "gpu_ms": 0.5891840010881424
    },
    "prepare_next": {
      "calls": 4,
      "cpu_ms": 0.1464449887862429,
      "gpu_ms": 0.07868799939751625
    },
    "recompute_kv_cache": {
      "calls": 4,
      "cpu_ms": 283.18955700524384,
      "gpu_ms": 283.0712661743164
    },
    "set_timesteps": {
      "calls": 4,
      "cpu_ms": 0.27174398564966395,
      "gpu_ms": 0.2114880010485649
    },
    "setup_caches": {
      "calls": 4,
      "cpu_ms": 0.2976300020236522,
      "gpu_ms": 0.23868799582123756
    },
    "text_conditioning": {
      "calls": 4,
      "cpu_ms": 0.42217900045216084,
      "gpu_ms": 0.3361920043826103
    }
  },
  "meta": {
    "cuda": "13.0",
    "cuda_capability": [
      10,
      3
    ],
    "cuda_device": "NVIDIA B300 SXM6 AC",
    "torch": "2.9.0+cu130"
  },
  "total_cpu_ms": 1634.2662159950123,
  "total_gpu_ms": 1633.1570216398686
}