{
  "meta": {
    "cuda": "12.8",
    "cuda_capability": [
      10,
      3
    ],
    "cuda_device": "NVIDIA B300 SXM6 AC",
    "first_batch": false,
    "t": 3,
    "torch": "2.8.0+cu128",
    "z_device": "cuda:0",
    "z_dtype": "torch.bfloat16",
    "z_shape": [
      1,
      16,
      3,
      40,
      72
    ]
  },
  "steps": {
    "apply_scale": {
      "calls": 5,
      "cpu_ms": 0.2887150003516581,
      "gpu_ms": 0.19087999686598778
    },
    "cat": {
      "calls": 2,
      "cpu_ms": 0.32206400283030234,
      "gpu_ms": 0.20156800001859665
    },
    "conv2": {
      "calls": 5,
      "cpu_ms": 22.52783400035696,
      "gpu_ms": 22.42284844070673
    },
    "decoder_chunk": {
      "calls": 3,
      "cpu_ms": 2413.5230270003376,
      "gpu_ms": 2413.3699340820312
    },
    "decoder_first": {
      "calls": 2,
      "cpu_ms": 209.0991059958469,
      "gpu_ms": 208.99983978271484
    },
    "decoder_rest": {
      "calls": 2,
      "cpu_ms": 1079.4658750055532,
      "gpu_ms": 1079.2806396484375
    }
  },
  "total_cpu_ms": 3725.2266210052767,
  "total_gpu_ms": 3724.465709950775
}