{
  "meta": {
    "cuda": "13.0",
    "cuda_capability": [
      10,
      3
    ],
    "cuda_device": "NVIDIA B300 SXM6 AC",
    "latent_device": "cuda:0",
    "latent_dtype": "torch.bfloat16",
    "latent_shape": [
      1,
      3,
      16,
      40,
      72
    ],
    "torch": "2.9.0+cu130",
    "use_cache": true
  },
  "steps": {
    "get_scale": {
      "calls": 3,
      "cpu_ms": 0.1489040041633416,
      "gpu_ms": 0.10598400235176086
    },
    "postprocess": {
      "calls": 3,
      "cpu_ms": 0.30861699997331016,
      "gpu_ms": 0.24889599531888962
    },
    "prep_permute_cast": {
      "calls": 3,
      "cpu_ms": 0.07988699871930294,
      "gpu_ms": 0.033536000177264214
    },
    "stream_decode": {
      "calls": 3,
      "cpu_ms": 607.2324800043134,
      "gpu_ms": 607.1897583007812
    }
  },
  "total_cpu_ms": 607.7698880071694,
  "total_gpu_ms": 607.5781742986292
}