{
  "meta": {
    "cuda": "13.0",
    "cuda_capability": [
      10,
      3
    ],
    "cuda_device": "NVIDIA B300 SXM6 AC",
    "first_batch": false,
    "t": 3,
    "torch": "2.9.0+cu130",
    "z_device": "cuda:0",
    "z_dtype": "torch.bfloat16",
    "z_shape": [
      1,
      16,
      3,
      40,
      72
    ]
  },
  "steps": {
    "apply_scale": {
      "calls": 3,
      "cpu_ms": 0.13587700232164934,
      "gpu_ms": 0.09065599925816059
    },
    "conv2": {
      "calls": 3,
      "cpu_ms": 0.3027519924216904,
      "gpu_ms": 0.26070400327444077
    },
    "decoder_chunk": {
      "calls": 3,
      "cpu_ms": 187.73508300364483,
      "gpu_ms": 187.65629196166992
    }
  },
  "total_cpu_ms": 188.17371199838817,
  "total_gpu_ms": 188.00765196420252
}