{
  "meta": {
    "cuda": "13.0",
    "cuda_capability": [
      10,
      3
    ],
    "cuda_device": "NVIDIA B300 SXM6 AC",
    "first_batch": false,
    "t": 3,
    "torch": "2.9.0+cu130",
    "z_device": "cuda:0",
    "z_dtype": "torch.bfloat16",
    "z_shape": [
      1,
      16,
      3,
      40,
      72
    ]
  },
  "steps": {
    "apply_scale": {
      "calls": 3,
      "cpu_ms": 0.15016399993328378,
      "gpu_ms": 0.08185599930584431
    },
    "conv2": {
      "calls": 3,
      "cpu_ms": 0.2747809994616546,
      "gpu_ms": 0.23225600272417068
    },
    "decoder_chunk": {
      "calls": 3,
      "cpu_ms": 606.5659649975714,
      "gpu_ms": 606.4769592285156
    }
  },
  "total_cpu_ms": 606.9909099969664,
  "total_gpu_ms": 606.7910712305456
}