{
  "meta": {
    "batch_size": 1,
    "cuda": "13.0",
    "cuda_capability": [
      10,
      3
    ],
    "cuda_device": "NVIDIA B300 SXM6 AC",
    "kv_cache_attention_bias": 0.3,
    "latent_device": "cuda:0",
    "latent_dtype": "torch.bfloat16",
    "num_denoising_steps": 4,
    "num_frames": 3,
    "torch": "2.9.0+cu130"
  },
  "steps": {
    "generator": {
      "calls": 12,
      "cpu_ms": 1082.4715760099934,
      "gpu_ms": 1082.25244140625
    },
    "randn": {
      "calls": 9,
      "cpu_ms": 0.3624119999585673,
      "gpu_ms": 0.22140800207853317
    },
    "scheduler_add_noise": {
      "calls": 9,
      "cpu_ms": 1.4399630090338178,
      "gpu_ms": 1.2945280000567436
    }
  },
  "total_cpu_ms": 1084.2739510189858,
  "total_gpu_ms": 1083.7683774083853
}