{
  "meta": {
    "batch_size": 1,
    "cuda": "13.0",
    "cuda_capability": [
      10,
      3
    ],
    "cuda_device": "NVIDIA B300 SXM6 AC",
    "kv_cache_attention_bias": 0.3,
    "latent_device": "cuda:0",
    "latent_dtype": "torch.bfloat16",
    "num_denoising_steps": 4,
    "num_frames": 3,
    "torch": "2.9.0+cu130"
  },
  "steps": {
    "generator": {
      "calls": 12,
      "cpu_ms": 1036.3072300024214,
      "gpu_ms": 1036.102912902832
    },
    "randn": {
      "calls": 9,
      "cpu_ms": 0.27159700039192103,
      "gpu_ms": 0.139551998116076
    },
    "scheduler_add_noise": {
      "calls": 9,
      "cpu_ms": 1.1269809947407339,
      "gpu_ms": 0.9985279887914658
    }
  },
  "total_cpu_ms": 1037.705807997554,
  "total_gpu_ms": 1037.2409928897396
}