{
  "meta": {
    "cuda": "13.0",
    "cuda_capability": [
      10,
      3
    ],
    "cuda_device": "NVIDIA B300 SXM6 AC",
    "latent_device": "cuda:0",
    "latent_dtype": "torch.bfloat16",
    "latent_shape": [
      1,
      3,
      16,
      40,
      72
    ],
    "torch": "2.9.0+cu130",
    "use_cache": true
  },
  "steps": {
    "get_scale": {
      "calls": 4,
      "cpu_ms": 0.18483299936633557,
      "gpu_ms": 0.12518400140106678
    },
    "postprocess": {
      "calls": 4,
      "cpu_ms": 0.25638900115154684,
      "gpu_ms": 0.18294399976730347
    },
    "prep_permute_cast": {
      "calls": 4,
      "cpu_ms": 0.10815600398927927,
      "gpu_ms": 0.04399999976158142
    },
    "stream_decode": {
      "calls": 4,
      "cpu_ms": 799.3031910009449,
      "gpu_ms": 799.2473907470703
    }
  },
  "total_cpu_ms": 799.8525690054521,
  "total_gpu_ms": 799.5995187480003
}