{
  "meta": {
    "WANVAE_ENCODE_CHANNELS_LAST_3D": false,
    "cuda": "13.0",
    "cuda_capability": [
      10,
      3
    ],
    "cuda_device": "NVIDIA B300 SXM6 AC",
    "pixel_device": "cuda:0",
    "pixel_dtype": "torch.bfloat16",
    "pixel_shape": [
      1,
      3,
      1,
      256,
      256
    ],
    "torch": "2.9.0+cu130",
    "use_cache": false
  },
  "steps": {
    "encode_with_cache": {
      "calls": 2,
      "cpu_ms": 16.430317999947874,
      "gpu_ms": 16.39241600036621
    },
    "get_scale": {
      "calls": 4,
      "cpu_ms": 0.17550300026414334,
      "gpu_ms": 0.11174399964511395
    },
    "normalize": {
      "calls": 2,
      "cpu_ms": 0.11316800009808503,
      "gpu_ms": 0.062432000413537025
    },
    "post_permute": {
      "calls": 4,
      "cpu_ms": 0.09899600036078482,
      "gpu_ms": 0.03123199986293912
    },
    "prep_memory_format": {
      "calls": 4,
      "cpu_ms": 0.09771800023372634,
      "gpu_ms": 0.024191999807953835
    },
    "stream_encode": {
      "calls": 2,
      "cpu_ms": 84.78579300026468,
      "gpu_ms": 84.74460983276367
    }
  },
  "total_cpu_ms": 101.70149600116929,
  "total_gpu_ms": 101.36662583285943
}