{
  "meta": {
    "cuda": "13.0",
    "cuda_capability": [
      10,
      3
    ],
    "cuda_device": "NVIDIA B300 SXM6 AC",
    "first_batch": false,
    "t": 3,
    "torch": "2.9.0+cu130",
    "z_device": "cuda:0",
    "z_dtype": "torch.bfloat16",
    "z_shape": [
      1,
      16,
      3,
      40,
      72
    ]
  },
  "steps": {
    "apply_scale": {
      "calls": 4,
      "cpu_ms": 0.17887399735627696,
      "gpu_ms": 0.11910400167107582
    },
    "conv2": {
      "calls": 4,
      "cpu_ms": 0.5483459972310811,
      "gpu_ms": 0.49084799736738205
    },
    "decoder_chunk": {
      "calls": 4,
      "cpu_ms": 822.4358279912849,
      "gpu_ms": 822.2730865478516
    }
  },
  "total_cpu_ms": 823.1630479858723,
  "total_gpu_ms": 822.88303854689
}