{
  "meta": {
    "batch_size": 1,
    "cuda": "12.8",
    "cuda_capability": [
      10,
      3
    ],
    "cuda_device": "NVIDIA B300 SXM6 AC",
    "kv_cache_attention_bias": 0.3,
    "latent_device": "cuda:0",
    "latent_dtype": "torch.bfloat16",
    "num_denoising_steps": 4,
    "num_frames": 3,
    "torch": "2.8.0+cu128"
  },
  "steps": {
    "generator": {
      "calls": 16,
      "cpu_ms": 1836.1962280068838,
      "gpu_ms": 1835.7534713745117
    },
    "randn": {
      "calls": 12,
      "cpu_ms": 0.7400590038741939,
      "gpu_ms": 0.38537599332630634
    },
    "scheduler_add_noise": {
      "calls": 12,
      "cpu_ms": 1.7997819995798636,
      "gpu_ms": 1.568927988409996
    }
  },
  "total_cpu_ms": 1838.7360690103378,
  "total_gpu_ms": 1837.707775356248
}