{
  "blocks": {
    "auto_prepare_latents": {
      "calls": 7,
      "cpu_ms": 2.4304430007759947,
      "gpu_ms": 2.297055959701538
    },
    "auto_preprocess_video": {
      "calls": 7,
      "cpu_ms": 0.2669710047484841,
      "gpu_ms": 0.14275200199335814
    },
    "decode": {
      "calls": 7,
      "cpu_ms": 5345.761528995354,
      "gpu_ms": 5345.1326904296875
    },
    "denoise": {
      "calls": 7,
      "cpu_ms": 6039.296171995375,
      "gpu_ms": 6038.924163818359
    },
    "embedding_blending": {
      "calls": 7,
      "cpu_ms": 52.82573500517174,
      "gpu_ms": 52.66911917552352
    },
    "prepare_context_frames": {
      "calls": 7,
      "cpu_ms": 3.268861004471546,
      "gpu_ms": 2.5937919914722443
    },
    "prepare_next": {
      "calls": 7,
      "cpu_ms": 0.3612119944591541,
      "gpu_ms": 0.2040960006415844
    },
    "recompute_kv_cache": {
      "calls": 7,
      "cpu_ms": 1784.6143459973973,
      "gpu_ms": 1784.4025612659752
    },
    "set_timesteps": {
      "calls": 7,
      "cpu_ms": 0.641964994429145,
      "gpu_ms": 0.5025919936597347
    },
    "setup_caches": {
      "calls": 7,
      "cpu_ms": 12.961554999492364,
      "gpu_ms": 12.833631858229637
    },
    "text_conditioning": {
      "calls": 7,
      "cpu_ms": 583.9412600034848,
      "gpu_ms": 583.6903590932488
    }
  },
  "meta": {
    "cuda": "12.8",
    "cuda_capability": [
      10,
      3
    ],
    "cuda_device": "NVIDIA B300 SXM6 AC",
    "torch": "2.8.0+cu128"
  },
  "total_cpu_ms": 13826.370048995159,
  "total_gpu_ms": 13823.392813588493
}