{
  "meta": {
    "batch_size": 1,
    "cuda": "13.0",
    "cuda_capability": [
      10,
      3
    ],
    "cuda_device": "NVIDIA B300 SXM6 AC",
    "kv_cache_attention_bias": 0.3,
    "latent_device": "cuda:0",
    "latent_dtype": "torch.bfloat16",
    "num_denoising_steps": 4,
    "num_frames": 3,
    "torch": "2.9.0+cu130"
  },
  "steps": {
    "generator": {
      "calls": 12,
      "cpu_ms": 1041.5869249999332,
      "gpu_ms": 1041.3965148925781
    },
    "randn": {
      "calls": 9,
      "cpu_ms": 0.2648729999918942,
      "gpu_ms": 0.13436800055205822
    },
    "scheduler_add_noise": {
      "calls": 9,
      "cpu_ms": 0.8816200000865138,
      "gpu_ms": 0.7442239969968796
    }
  },
  "total_cpu_ms": 1042.7334180000116,
  "total_gpu_ms": 1042.275106890127
}