{
  "blocks": {
    "auto_prepare_latents": {
      "calls": 4,
      "cpu_ms": 0.25751400244189426,
      "gpu_ms": 0.19724800065159798
    },
    "auto_preprocess_video": {
      "calls": 4,
      "cpu_ms": 0.10061699140351266,
      "gpu_ms": 0.04521599970757961
    },
    "decode": {
      "calls": 4,
      "cpu_ms": 241.37116000201786,
      "gpu_ms": 241.28191757202148
    },
    "denoise": {
      "calls": 4,
      "cpu_ms": 1068.8354919984704,
      "gpu_ms": 1068.7337341308594
    },
    "embedding_blending": {
      "calls": 4,
      "cpu_ms": 0.19928299298044294,
      "gpu_ms": 0.14246400073170662
    },
    "prepare_context_frames": {
      "calls": 4,
      "cpu_ms": 0.42036799277411774,
      "gpu_ms": 0.33321599662303925
    },
    "prepare_next": {
      "calls": 4,
      "cpu_ms": 0.12374699872452766,
      "gpu_ms": 0.06313600018620491
    },
    "recompute_kv_cache": {
      "calls": 4,
      "cpu_ms": 249.1879780063755,
      "gpu_ms": 249.0868797302246
    },
    "set_timesteps": {
      "calls": 4,
      "cpu_ms": 0.20661501184804365,
      "gpu_ms": 0.1495360005646944
    },
    "setup_caches": {
      "calls": 4,
      "cpu_ms": 0.2118840056937188,
      "gpu_ms": 0.1576319970190525
    },
    "text_conditioning": {
      "calls": 4,
      "cpu_ms": 0.2720020056585781,
      "gpu_ms": 0.20236799865961075
    }
  },
  "meta": {
    "cuda": "13.0",
    "cuda_capability": [
      10,
      3
    ],
    "cuda_device": "NVIDIA B300 SXM6 AC",
    "torch": "2.9.0+cu130"
  },
  "total_cpu_ms": 1561.1866600083886,
  "total_gpu_ms": 1560.393347427249
}