{
  "meta": {
    "batch_size": 1,
    "cuda": "13.0",
    "cuda_capability": [
      10,
      3
    ],
    "cuda_device": "NVIDIA B300 SXM6 AC",
    "kv_cache_attention_bias": 0.3,
    "latent_device": "cuda:0",
    "latent_dtype": "torch.bfloat16",
    "num_denoising_steps": 4,
    "num_frames": 3,
    "torch": "2.9.0+cu130"
  },
  "steps": {
    "generator": {
      "calls": 16,
      "cpu_ms": 1401.8829449996701,
      "gpu_ms": 1401.653091430664
    },
    "randn": {
      "calls": 12,
      "cpu_ms": 0.3630379942478612,
      "gpu_ms": 0.18128000013530254
    },
    "scheduler_add_noise": {
      "calls": 12,
      "cpu_ms": 1.2214040070830379,
      "gpu_ms": 1.0520319864153862
    }
  },
  "total_cpu_ms": 1403.467387001001,
  "total_gpu_ms": 1402.8864034172148
}