{
  "blocks": {
    "auto_prepare_latents": {
      "calls": 3,
      "cpu_ms": 127.01713599972209,
      "gpu_ms": 126.97171020507812
    },
    "auto_preprocess_video": {
      "calls": 3,
      "cpu_ms": 0.16731599998820457,
      "gpu_ms": 0.12492800131440163
    },
    "decode": {
      "calls": 3,
      "cpu_ms": 81.8462979996184,
      "gpu_ms": 81.78316879272461
    },
    "denoise": {
      "calls": 3,
      "cpu_ms": 275.02003599965974,
      "gpu_ms": 274.9563217163086
    },
    "embedding_blending": {
      "calls": 3,
      "cpu_ms": 0.15651600051569403,
      "gpu_ms": 0.11302400380373001
    },
    "prepare_context_frames": {
      "calls": 3,
      "cpu_ms": 0.2984330003528157,
      "gpu_ms": 0.23609600216150284
    },
    "prepare_next": {
      "calls": 3,
      "cpu_ms": 0.08988800027509569,
      "gpu_ms": 0.04403200000524521
    },
    "recompute_kv_cache": {
      "calls": 3,
      "cpu_ms": 146.43040900000415,
      "gpu_ms": 146.3747215270996
    },
    "set_timesteps": {
      "calls": 3,
      "cpu_ms": 0.1388759997098532,
      "gpu_ms": 0.09558399952948093
    },
    "setup_caches": {
      "calls": 3,
      "cpu_ms": 0.17551700011608773,
      "gpu_ms": 0.13356800004839897
    },
    "text_conditioning": {
      "calls": 3,
      "cpu_ms": 0.23213399981614202,
      "gpu_ms": 0.17961600050330162
    }
  },
  "meta": {
    "cuda": "13.0",
    "cuda_capability": [
      10,
      3
    ],
    "cuda_device": "NVIDIA B300 SXM6 AC",
    "torch": "2.9.0+cu130"
  },
  "total_cpu_ms": 631.5725589997783,
  "total_gpu_ms": 631.012770248577
}