{
  "blocks": {
    "auto_prepare_latents": {
      "calls": 4,
      "cpu_ms": 0.27137500001117587,
      "gpu_ms": 0.2141759991645813
    },
    "auto_preprocess_video": {
      "calls": 4,
      "cpu_ms": 0.11028700100723654,
      "gpu_ms": 0.05388799961656332
    },
    "decode": {
      "calls": 4,
      "cpu_ms": 780.5283960042289,
      "gpu_ms": 780.4189453125
    },
    "denoise": {
      "calls": 4,
      "cpu_ms": 1083.5514579994197,
      "gpu_ms": 1083.4220581054688
    },
    "embedding_blending": {
      "calls": 4,
      "cpu_ms": 0.22404400078812614,
      "gpu_ms": 0.16566399857401848
    },
    "prepare_context_frames": {
      "calls": 4,
      "cpu_ms": 0.48763799713924527,
      "gpu_ms": 0.38230400532484055
    },
    "prepare_next": {
      "calls": 4,
      "cpu_ms": 0.13512600344256498,
      "gpu_ms": 0.070847999304533
    },
    "recompute_kv_cache": {
      "calls": 4,
      "cpu_ms": 366.06083500373643,
      "gpu_ms": 365.9834289550781
    },
    "set_timesteps": {
      "calls": 4,
      "cpu_ms": 0.2278140018461272,
      "gpu_ms": 0.16950400173664093
    },
    "setup_caches": {
      "calls": 4,
      "cpu_ms": 0.24523399770259857,
      "gpu_ms": 0.18902399763464928
    },
    "text_conditioning": {
      "calls": 4,
      "cpu_ms": 0.3339930044603534,
      "gpu_ms": 0.26236800104379654
    }
  },
  "meta": {
    "cuda": "13.0",
    "cuda_capability": [
      10,
      3
    ],
    "cuda_device": "NVIDIA B300 SXM6 AC",
    "torch": "2.9.0+cu130"
  },
  "total_cpu_ms": 2232.1762000137824,
  "total_gpu_ms": 2231.3322083754465
}