{
  "meta": {
    "cuda": "12.8",
    "cuda_capability": [
      10,
      3
    ],
    "cuda_device": "NVIDIA B300 SXM6 AC",
    "first_batch": false,
    "t": 3,
    "torch": "2.8.0+cu128",
    "z_device": "cuda:0",
    "z_dtype": "torch.bfloat16",
    "z_shape": [
      1,
      16,
      3,
      40,
      72
    ]
  },
  "steps": {
    "apply_scale": {
      "calls": 7,
      "cpu_ms": 0.36927499604644254,
      "gpu_ms": 0.24051200225949287
    },
    "cat": {
      "calls": 7,
      "cpu_ms": 1.5079680051712785,
      "gpu_ms": 0.9509759843349457
    },
    "conv2": {
      "calls": 7,
      "cpu_ms": 23.365541997918626,
      "gpu_ms": 23.234751768410206
    },
    "decoder_first": {
      "calls": 2,
      "cpu_ms": 209.54071699816268,
      "gpu_ms": 209.4598388671875
    },
    "decoder_loop": {
      "calls": 5,
      "cpu_ms": 4215.4836219961,
      "gpu_ms": 4215.1790771484375
    },
    "decoder_rest": {
      "calls": 2,
      "cpu_ms": 1081.0019990021829,
      "gpu_ms": 1080.837158203125
    }
  },
  "total_cpu_ms": 5531.269122995582,
  "total_gpu_ms": 5529.902313973755
}