{
  "blocks": {
    "auto_prepare_latents": {
      "calls": 4,
      "cpu_ms": 0.3382599970791489,
      "gpu_ms": 0.27852799743413925
    },
    "auto_preprocess_video": {
      "calls": 4,
      "cpu_ms": 0.12448599954950623,
      "gpu_ms": 0.06809599883854389
    },
    "decode": {
      "calls": 4,
      "cpu_ms": 832.8515099965443,
      "gpu_ms": 832.7018432617188
    },
    "denoise": {
      "calls": 4,
      "cpu_ms": 2113.0188060014916,
      "gpu_ms": 2112.885284423828
    },
    "embedding_blending": {
      "calls": 4,
      "cpu_ms": 0.5322060023900121,
      "gpu_ms": 0.4692480154335499
    },
    "prepare_context_frames": {
      "calls": 4,
      "cpu_ms": 0.9393530017405283,
      "gpu_ms": 0.7764480113983154
    },
    "prepare_next": {
      "calls": 4,
      "cpu_ms": 0.14858499343972653,
      "gpu_ms": 0.08083200082182884
    },
    "recompute_kv_cache": {
      "calls": 4,
      "cpu_ms": 410.1183340026182,
      "gpu_ms": 410.0339115858078
    },
    "set_timesteps": {
      "calls": 4,
      "cpu_ms": 0.26725100542535074,
      "gpu_ms": 0.20793600007891655
    },
    "setup_caches": {
      "calls": 4,
      "cpu_ms": 4.613215001882054,
      "gpu_ms": 4.557056229561567
    },
    "text_conditioning": {
      "calls": 4,
      "cpu_ms": 35.56530700006988,
      "gpu_ms": 35.48825488239527
    }
  },
  "meta": {
    "cuda": "13.0",
    "cuda_capability": [
      10,
      3
    ],
    "cuda_device": "NVIDIA B300 SXM6 AC",
    "torch": "2.9.0+cu130"
  },
  "total_cpu_ms": 3398.5173130022304,
  "total_gpu_ms": 3397.547438407317
}