{
  "meta": {
    "cuda": "13.0",
    "cuda_capability": [
      10,
      3
    ],
    "cuda_device": "NVIDIA B300 SXM6 AC",
    "first_batch": false,
    "t": 3,
    "torch": "2.9.0+cu130",
    "z_device": "cuda:0",
    "z_dtype": "torch.bfloat16",
    "z_shape": [
      1,
      16,
      3,
      40,
      72
    ]
  },
  "steps": {
    "apply_scale": {
      "calls": 6,
      "cpu_ms": 0.2423410005576443,
      "gpu_ms": 0.152063999325037
    },
    "cat": {
      "calls": 1,
      "cpu_ms": 0.06316899998637382,
      "gpu_ms": 0.038015998899936676
    },
    "conv2": {
      "calls": 6,
      "cpu_ms": 0.7179090025601909,
      "gpu_ms": 0.6313279941678047
    },
    "decoder_chunk": {
      "calls": 5,
      "cpu_ms": 1033.4089609968942,
      "gpu_ms": 1033.2920532226562
    },
    "decoder_first": {
      "calls": 1,
      "cpu_ms": 50.38124699967739,
      "gpu_ms": 50.36092758178711
    },
    "decoder_rest": {
      "calls": 1,
      "cpu_ms": 155.8697979999124,
      "gpu_ms": 155.84317016601562
    }
  },
  "total_cpu_ms": 1240.6834249995882,
  "total_gpu_ms": 1240.3175589628518
}