{
  "meta": {
    "cuda": "13.0",
    "cuda_capability": [
      10,
      3
    ],
    "cuda_device": "NVIDIA B300 SXM6 AC",
    "first_batch": false,
    "t": 3,
    "torch": "2.9.0+cu130",
    "z_device": "cuda:0",
    "z_dtype": "torch.bfloat16",
    "z_shape": [
      1,
      16,
      3,
      40,
      72
    ]
  },
  "steps": {
    "apply_scale": {
      "calls": 2,
      "cpu_ms": 35.68528200048604,
      "gpu_ms": 0.020479999482631683
    },
    "cat": {
      "calls": 1,
      "cpu_ms": 0.07606800136272795,
      "gpu_ms": 0.04524800181388855
    },
    "conv2": {
      "calls": 2,
      "cpu_ms": 0.2513640010874951,
      "gpu_ms": 0.20268800109624863
    },
    "decoder_chunk": {
      "calls": 1,
      "cpu_ms": 209.9561859995447,
      "gpu_ms": 209.93116760253906
    },
    "decoder_first": {
      "calls": 1,
      "cpu_ms": 50.20191500079818,
      "gpu_ms": 50.17942428588867
    },
    "decoder_rest": {
      "calls": 1,
      "cpu_ms": 155.85319899946626,
      "gpu_ms": 155.82249450683594
    }
  },
  "total_cpu_ms": 452.0240140027454,
  "total_gpu_ms": 416.20150239765644
}