{
  "meta": {
    "WANVAE_DECODE_CHANNELS_LAST_3D": true,
    "cuda": "13.0",
    "cuda_capability": [
      10,
      3
    ],
    "cuda_device": "NVIDIA B300 SXM6 AC",
    "latent_device": "cuda:0",
    "latent_dtype": "torch.bfloat16",
    "latent_shape": [
      1,
      3,
      16,
      40,
      72
    ],
    "torch": "2.9.0+cu130",
    "use_cache": true
  },
  "steps": {
    "get_scale": {
      "calls": 3,
      "cpu_ms": 0.16387600044254214,
      "gpu_ms": 0.12124799937009811
    },
    "postprocess": {
      "calls": 3,
      "cpu_ms": 0.2686020015971735,
      "gpu_ms": 0.20243200659751892
    },
    "prep_permute_cast": {
      "calls": 3,
      "cpu_ms": 0.12049599172314629,
      "gpu_ms": 0.07267200015485287
    },
    "stream_decode": {
      "calls": 3,
      "cpu_ms": 188.40390599507373,
      "gpu_ms": 188.34950256347656
    }
  },
  "total_cpu_ms": 188.9568799888366,
  "total_gpu_ms": 188.74585456959903
}