{
  "meta": {
    "batch_size": 1,
    "cuda": "13.0",
    "cuda_capability": [
      10,
      3
    ],
    "cuda_device": "NVIDIA B300 SXM6 AC",
    "kv_cache_attention_bias": 0.3,
    "latent_device": "cuda:0",
    "latent_dtype": "torch.bfloat16",
    "num_denoising_steps": 4,
    "num_frames": 3,
    "torch": "2.9.0+cu130"
  },
  "steps": {
    "generator": {
      "calls": 12,
      "cpu_ms": 997.0712710010048,
      "gpu_ms": 996.8800506591797
    },
    "randn": {
      "calls": 9,
      "cpu_ms": 0.30681199859827757,
      "gpu_ms": 0.1763839991763234
    },
    "scheduler_add_noise": {
      "calls": 9,
      "cpu_ms": 0.9597610005585011,
      "gpu_ms": 0.8253439962863922
    }
  },
  "total_cpu_ms": 998.3378440001616,
  "total_gpu_ms": 997.8817786546424
}