{
  "meta": {
    "batch_size": 1,
    "cuda": "12.9",
    "cuda_capability": [
      10,
      3
    ],
    "cuda_device": "NVIDIA B300 SXM6 AC",
    "kv_cache_attention_bias": 0.3,
    "latent_device": "cuda:0",
    "latent_dtype": "torch.bfloat16",
    "num_denoising_steps": 4,
    "num_frames": 3,
    "torch": "2.8.0+cu129"
  },
  "steps": {
    "generator": {
      "calls": 16,
      "cpu_ms": 1828.4015099961834,
      "gpu_ms": 1827.8709869384766
    },
    "randn": {
      "calls": 12,
      "cpu_ms": 0.9419609959877562,
      "gpu_ms": 0.510080011561513
    },
    "scheduler_add_noise": {
      "calls": 12,
      "cpu_ms": 2.104075007082429,
      "gpu_ms": 1.8810239732265472
    }
  },
  "total_cpu_ms": 1831.4475459992536,
  "total_gpu_ms": 1830.2620909232646
}