{
  "meta": {
    "cuda": "13.0",
    "cuda_capability": [
      10,
      3
    ],
    "cuda_device": "NVIDIA B300 SXM6 AC",
    "first_batch": false,
    "t": 3,
    "torch": "2.9.0+cu130",
    "z_device": "cuda:0",
    "z_dtype": "torch.bfloat16",
    "z_shape": [
      1,
      16,
      3,
      40,
      72
    ]
  },
  "steps": {
    "apply_scale": {
      "calls": 7,
      "cpu_ms": 0.26533401251072064,
      "gpu_ms": 0.15932800062000751
    },
    "conv2": {
      "calls": 7,
      "cpu_ms": 0.4600870015565306,
      "gpu_ms": 0.35843200236558914
    },
    "decoder_chunk": {
      "calls": 7,
      "cpu_ms": 416.5044329929515,
      "gpu_ms": 416.3686065673828
    }
  },
  "total_cpu_ms": 417.22985400701873,
  "total_gpu_ms": 416.8863665703684
}