{
  "meta": {
    "cuda": "13.0",
    "cuda_capability": [
      10,
      3
    ],
    "cuda_device": "NVIDIA B300 SXM6 AC",
    "latent_device": "cuda:0",
    "latent_dtype": "torch.bfloat16",
    "latent_shape": [
      1,
      3,
      16,
      40,
      72
    ],
    "torch": "2.9.0+cu130",
    "use_cache": true
  },
  "steps": {
    "get_scale": {
      "calls": 4,
      "cpu_ms": 0.21878399638808332,
      "gpu_ms": 0.1627200022339821
    },
    "postprocess": {
      "calls": 4,
      "cpu_ms": 0.40783600343274884,
      "gpu_ms": 0.3311679996550083
    },
    "prep_permute_cast": {
      "calls": 4,
      "cpu_ms": 0.10690700219129212,
      "gpu_ms": 0.046112000942230225
    },
    "stream_decode": {
      "calls": 4,
      "cpu_ms": 799.3507960018178,
      "gpu_ms": 799.2875518798828
    }
  },
  "total_cpu_ms": 800.0843230038299,
  "total_gpu_ms": 799.827551882714
}