{
  "meta": {
    "cuda": "12.8",
    "cuda_capability": [
      10,
      3
    ],
    "cuda_device": "NVIDIA B300 SXM6 AC",
    "latent_device": "cuda:0",
    "latent_dtype": "torch.bfloat16",
    "latent_shape": [
      1,
      3,
      16,
      40,
      72
    ],
    "torch": "2.8.0+cu128",
    "use_cache": true
  },
  "steps": {
    "get_scale": {
      "calls": 4,
      "cpu_ms": 0.2132439949491527,
      "gpu_ms": 0.1454080007970333
    },
    "postprocess": {
      "calls": 4,
      "cpu_ms": 0.36004000139655545,
      "gpu_ms": 0.27651199512183666
    },
    "prep_permute_cast": {
      "calls": 4,
      "cpu_ms": 0.12557600348372944,
      "gpu_ms": 0.049600000493228436
    },
    "stream_decode": {
      "calls": 4,
      "cpu_ms": 3042.5750849972246,
      "gpu_ms": 3042.4745483398438
    }
  },
  "total_cpu_ms": 3043.273944997054,
  "total_gpu_ms": 3042.946068336256
}