{
  "meta": {
    "batch_size": 1,
    "cuda": "13.0",
    "cuda_capability": [
      10,
      3
    ],
    "cuda_device": "NVIDIA B300 SXM6 AC",
    "kv_cache_attention_bias": 0.3,
    "latent_device": "cuda:0",
    "latent_dtype": "torch.bfloat16",
    "num_denoising_steps": 4,
    "num_frames": 3,
    "torch": "2.9.0+cu130"
  },
  "steps": {
    "generator": {
      "calls": 16,
      "cpu_ms": 1393.0167560029076,
      "gpu_ms": 1392.7642211914062
    },
    "randn": {
      "calls": 12,
      "cpu_ms": 0.45483899521059357,
      "gpu_ms": 0.2701120004057884
    },
    "scheduler_add_noise": {
      "calls": 12,
      "cpu_ms": 1.4789460037718527,
      "gpu_ms": 1.2952000126242638
    }
  },
  "total_cpu_ms": 1394.95054100189,
  "total_gpu_ms": 1394.3295332044363
}