{
  "blocks": {
    "auto_prepare_latents": {
      "calls": 7,
      "cpu_ms": 0.44943699322175235,
      "gpu_ms": 0.34943999722599983
    },
    "auto_preprocess_video": {
      "calls": 7,
      "cpu_ms": 0.18779598030960187,
      "gpu_ms": 0.08979200012981892
    },
    "decode": {
      "calls": 7,
      "cpu_ms": 418.04445299931103,
      "gpu_ms": 417.8614692687988
    },
    "denoise": {
      "calls": 7,
      "cpu_ms": 1590.5746899952646,
      "gpu_ms": 1590.3871612548828
    },
    "embedding_blending": {
      "calls": 7,
      "cpu_ms": 0.3659890062408522,
      "gpu_ms": 0.2651519998908043
    },
    "prepare_context_frames": {
      "calls": 7,
      "cpu_ms": 0.7478700063074939,
      "gpu_ms": 0.5902079939842224
    },
    "prepare_next": {
      "calls": 7,
      "cpu_ms": 0.2210629972978495,
      "gpu_ms": 0.11203199997544289
    },
    "recompute_kv_cache": {
      "calls": 7,
      "cpu_ms": 429.684663999069,
      "gpu_ms": 429.55811309814453
    },
    "set_timesteps": {
      "calls": 7,
      "cpu_ms": 0.335259988787584,
      "gpu_ms": 0.2231680005788803
    },
    "setup_caches": {
      "calls": 7,
      "cpu_ms": 0.376430012693163,
      "gpu_ms": 0.28067199885845184
    },
    "text_conditioning": {
      "calls": 7,
      "cpu_ms": 0.530587014509365,
      "gpu_ms": 0.40329599753022194
    }
  },
  "meta": {
    "cuda": "13.0",
    "cuda_capability": [
      10,
      3
    ],
    "cuda_device": "NVIDIA B300 SXM6 AC",
    "torch": "2.9.0+cu130"
  },
  "total_cpu_ms": 2441.5182389930123,
  "total_gpu_ms": 2440.12050361
}