{
  "meta": {
    "cuda": "13.0",
    "cuda_capability": [
      10,
      3
    ],
    "cuda_device": "NVIDIA B300 SXM6 AC",
    "first_batch": false,
    "t": 3,
    "torch": "2.9.0+cu130",
    "z_device": "cuda:0",
    "z_dtype": "torch.bfloat16",
    "z_shape": [
      1,
      16,
      3,
      40,
      72
    ]
  },
  "steps": {
    "apply_scale": {
      "calls": 4,
      "cpu_ms": 2.305245005118195,
      "gpu_ms": 0.040927999652922153
    },
    "conv2": {
      "calls": 4,
      "cpu_ms": 0.2694040013011545,
      "gpu_ms": 0.2040640003979206
    },
    "decoder_chunk": {
      "calls": 4,
      "cpu_ms": 779.167973989388,
      "gpu_ms": 779.0813751220703
    }
  },
  "total_cpu_ms": 781.7426229958073,
  "total_gpu_ms": 779.3263671221212
}