{
  "blocks": {
    "auto_prepare_latents": {
      "calls": 7,
      "cpu_ms": 0.43113499123137444,
      "gpu_ms": 0.3320639990270138
    },
    "auto_preprocess_video": {
      "calls": 7,
      "cpu_ms": 0.17779399786377326,
      "gpu_ms": 0.07980800047516823
    },
    "decode": {
      "calls": 7,
      "cpu_ms": 418.2267490105005,
      "gpu_ms": 418.0407066345215
    },
    "denoise": {
      "calls": 7,
      "cpu_ms": 1591.76123799989,
      "gpu_ms": 1591.5743408203125
    },
    "embedding_blending": {
      "calls": 7,
      "cpu_ms": 0.3531400070642121,
      "gpu_ms": 0.2518400065600872
    },
    "prepare_context_frames": {
      "calls": 7,
      "cpu_ms": 0.7594779817736708,
      "gpu_ms": 0.5909119993448257
    },
    "prepare_next": {
      "calls": 7,
      "cpu_ms": 0.21724298858316615,
      "gpu_ms": 0.10928000137209892
    },
    "recompute_kv_cache": {
      "calls": 7,
      "cpu_ms": 421.61370299436385,
      "gpu_ms": 421.48582458496094
    },
    "set_timesteps": {
      "calls": 7,
      "cpu_ms": 0.3257010175730102,
      "gpu_ms": 0.22579200193285942
    },
    "setup_caches": {
      "calls": 7,
      "cpu_ms": 0.38054199831094593,
      "gpu_ms": 0.28540799766778946
    },
    "text_conditioning": {
      "calls": 7,
      "cpu_ms": 0.4853060090681538,
      "gpu_ms": 0.3631040006875992
    }
  },
  "meta": {
    "cuda": "13.0",
    "cuda_capability": [
      10,
      3
    ],
    "cuda_device": "NVIDIA B300 SXM6 AC",
    "torch": "2.9.0+cu130"
  },
  "total_cpu_ms": 2434.7320289962227,
  "total_gpu_ms": 2433.3390800468624
}