{
  "meta": {
    "cuda": "13.0",
    "cuda_capability": [
      10,
      3
    ],
    "cuda_device": "NVIDIA B300 SXM6 AC",
    "latent_device": "cuda:0",
    "latent_dtype": "torch.bfloat16",
    "latent_shape": [
      1,
      3,
      16,
      40,
      72
    ],
    "torch": "2.9.0+cu130",
    "use_cache": true
  },
  "steps": {
    "get_scale": {
      "calls": 4,
      "cpu_ms": 0.17243401089217514,
      "gpu_ms": 0.10611200146377087
    },
    "postprocess": {
      "calls": 4,
      "cpu_ms": 0.23789400438545272,
      "gpu_ms": 0.16249600052833557
    },
    "prep_permute_cast": {
      "calls": 4,
      "cpu_ms": 0.09683700045570731,
      "gpu_ms": 0.03814399987459183
    },
    "stream_decode": {
      "calls": 4,
      "cpu_ms": 823.8921340016532,
      "gpu_ms": 823.8221740722656
    }
  },
  "total_cpu_ms": 824.3992990173865,
  "total_gpu_ms": 824.1289260741323
}