{
  "meta": {
    "cuda": "13.0",
    "cuda_capability": [
      10,
      3
    ],
    "cuda_device": "NVIDIA B300 SXM6 AC",
    "first_batch": false,
    "t": 3,
    "torch": "2.9.0+cu130",
    "z_device": "cuda:0",
    "z_dtype": "torch.bfloat16",
    "z_shape": [
      1,
      16,
      3,
      40,
      72
    ]
  },
  "steps": {
    "apply_scale": {
      "calls": 4,
      "cpu_ms": 0.15241600340232253,
      "gpu_ms": 0.09583999961614609
    },
    "conv2": {
      "calls": 4,
      "cpu_ms": 0.23897500796010718,
      "gpu_ms": 0.18342400342226028
    },
    "decoder_chunk": {
      "calls": 4,
      "cpu_ms": 239.44911199941998,
      "gpu_ms": 239.37203216552734
    }
  },
  "total_cpu_ms": 239.8405030107824,
  "total_gpu_ms": 239.65129616856575
}