{
  "meta": {
    "cuda": "13.0",
    "cuda_capability": [
      10,
      3
    ],
    "cuda_device": "NVIDIA B300 SXM6 AC",
    "first_batch": false,
    "t": 3,
    "torch": "2.9.0+cu130",
    "z_device": "cuda:0",
    "z_dtype": "torch.bfloat16",
    "z_shape": [
      1,
      16,
      3,
      40,
      72
    ]
  },
  "steps": {
    "apply_scale": {
      "calls": 4,
      "cpu_ms": 0.14806599938310683,
      "gpu_ms": 0.08854399807751179
    },
    "conv2": {
      "calls": 4,
      "cpu_ms": 0.35754599957726896,
      "gpu_ms": 0.2988800033926964
    },
    "decoder_chunk": {
      "calls": 4,
      "cpu_ms": 823.1984640078736,
      "gpu_ms": 823.1097259521484
    }
  },
  "total_cpu_ms": 823.7040760068339,
  "total_gpu_ms": 823.4971499536186
}