{
  "meta": {
    "cuda": "12.9",
    "cuda_capability": [
      10,
      3
    ],
    "cuda_device": "NVIDIA B300 SXM6 AC",
    "first_batch": false,
    "t": 3,
    "torch": "2.8.0+cu129",
    "z_device": "cuda:0",
    "z_dtype": "torch.bfloat16",
    "z_shape": [
      1,
      16,
      3,
      40,
      72
    ]
  },
  "steps": {
    "apply_scale": {
      "calls": 4,
      "cpu_ms": 0.20473500262596644,
      "gpu_ms": 0.10899199917912483
    },
    "cat": {
      "calls": 1,
      "cpu_ms": 0.09214799865731038,
      "gpu_ms": 0.052960000932216644
    },
    "conv2": {
      "calls": 4,
      "cpu_ms": 0.4875859995081555,
      "gpu_ms": 0.4185599982738495
    },
    "decoder_chunk": {
      "calls": 3,
      "cpu_ms": 2407.5911979998637,
      "gpu_ms": 2407.4227905273438
    },
    "decoder_first": {
      "calls": 1,
      "cpu_ms": 94.63110800061258,
      "gpu_ms": 94.60409545898438
    },
    "decoder_rest": {
      "calls": 1,
      "cpu_ms": 538.5302409995347,
      "gpu_ms": 538.4869384765625
    }
  },
  "total_cpu_ms": 3041.5370160008024,
  "total_gpu_ms": 3041.094336461276
}