{
  "blocks": {
    "auto_prepare_latents": {
      "calls": 4,
      "cpu_ms": 0.2564229944255203,
      "gpu_ms": 0.20028800144791603
    },
    "auto_preprocess_video": {
      "calls": 4,
      "cpu_ms": 0.1036059984471649,
      "gpu_ms": 0.047328000888228416
    },
    "decode": {
      "calls": 4,
      "cpu_ms": 824.3796679962543,
      "gpu_ms": 824.3077697753906
    },
    "denoise": {
      "calls": 4,
      "cpu_ms": 2276.5258830040693,
      "gpu_ms": 2276.451171875
    },
    "embedding_blending": {
      "calls": 4,
      "cpu_ms": 0.23007400886854157,
      "gpu_ms": 0.16224000230431557
    },
    "prepare_context_frames": {
      "calls": 4,
      "cpu_ms": 0.36982199526391923,
      "gpu_ms": 0.30723199993371964
    },
    "prepare_next": {
      "calls": 4,
      "cpu_ms": 0.1266269973712042,
      "gpu_ms": 0.059551999904215336
    },
    "recompute_kv_cache": {
      "calls": 4,
      "cpu_ms": 680.3370799971162,
      "gpu_ms": 680.2769927978516
    },
    "set_timesteps": {
      "calls": 4,
      "cpu_ms": 0.19149400031892583,
      "gpu_ms": 0.1353279985487461
    },
    "setup_caches": {
      "calls": 4,
      "cpu_ms": 0.21539298904826865,
      "gpu_ms": 0.16063999757170677
    },
    "text_conditioning": {
      "calls": 4,
      "cpu_ms": 0.2831510064424947,
      "gpu_ms": 0.21305599808692932
    }
  },
  "meta": {
    "cuda": "13.0",
    "cuda_capability": [
      10,
      3
    ],
    "cuda_device": "NVIDIA B300 SXM6 AC",
    "torch": "2.9.0+cu130"
  },
  "total_cpu_ms": 3783.019220987626,
  "total_gpu_ms": 3782.321598446928
}