{
  "meta": {
    "WANVAE_DECODE_CHANNELS_LAST_3D": true,
    "cuda": "13.0",
    "cuda_capability": [
      10,
      3
    ],
    "cuda_device": "NVIDIA B300 SXM6 AC",
    "latent_device": "cuda:0",
    "latent_dtype": "torch.bfloat16",
    "latent_shape": [
      1,
      3,
      16,
      40,
      72
    ],
    "torch": "2.9.0+cu130",
    "use_cache": true
  },
  "steps": {
    "get_scale": {
      "calls": 7,
      "cpu_ms": 0.3109699973720126,
      "gpu_ms": 0.20985599607229233
    },
    "postprocess": {
      "calls": 7,
      "cpu_ms": 0.3815900126937777,
      "gpu_ms": 0.26076800003647804
    },
    "prep_permute_cast": {
      "calls": 7,
      "cpu_ms": 0.2597029888420366,
      "gpu_ms": 0.14950400032103062
    },
    "stream_decode": {
      "calls": 7,
      "cpu_ms": 417.53296001115814,
      "gpu_ms": 417.4272918701172
    }
  },
  "total_cpu_ms": 418.48522301006597,
  "total_gpu_ms": 418.047419866547
}