{
  "blocks": {
    "auto_prepare_latents": {
      "calls": 4,
      "cpu_ms": 0.29303200426511467,
      "gpu_ms": 0.23577599599957466
    },
    "auto_preprocess_video": {
      "calls": 4,
      "cpu_ms": 0.11183699825778604,
      "gpu_ms": 0.054495999589562416
    },
    "decode": {
      "calls": 4,
      "cpu_ms": 241.44077099481365,
      "gpu_ms": 241.33686447143555
    },
    "denoise": {
      "calls": 4,
      "cpu_ms": 1066.847042995505,
      "gpu_ms": 1066.7347717285156
    },
    "embedding_blending": {
      "calls": 4,
      "cpu_ms": 0.22638299560640007,
      "gpu_ms": 0.1677119992673397
    },
    "prepare_context_frames": {
      "calls": 4,
      "cpu_ms": 0.5806879926240072,
      "gpu_ms": 0.47414398938417435
    },
    "prepare_next": {
      "calls": 4,
      "cpu_ms": 0.13523500092560425,
      "gpu_ms": 0.07164799980819225
    },
    "recompute_kv_cache": {
      "calls": 4,
      "cpu_ms": 249.37144698924385,
      "gpu_ms": 249.29485321044922
    },
    "set_timesteps": {
      "calls": 4,
      "cpu_ms": 0.230835001275409,
      "gpu_ms": 0.1727680005133152
    },
    "setup_caches": {
      "calls": 4,
      "cpu_ms": 0.25233500491594896,
      "gpu_ms": 0.19660799950361252
    },
    "text_conditioning": {
      "calls": 4,
      "cpu_ms": 0.36079999699722975,
      "gpu_ms": 0.28860799595713615
    }
  },
  "meta": {
    "cuda": "13.0",
    "cuda_capability": [
      10,
      3
    ],
    "cuda_device": "NVIDIA B300 SXM6 AC",
    "torch": "2.9.0+cu130"
  },
  "total_cpu_ms": 1559.85040597443,
  "total_gpu_ms": 1559.0282493904233
}