{
  "meta": {
    "batch_size": 1,
    "cuda": "13.0",
    "cuda_capability": [
      10,
      3
    ],
    "cuda_device": "NVIDIA B300 SXM6 AC",
    "kv_cache_attention_bias": 0.3,
    "latent_device": "cuda:0",
    "latent_dtype": "torch.bfloat16",
    "num_denoising_steps": 4,
    "num_frames": 3,
    "torch": "2.9.0+cu130"
  },
  "steps": {
    "generator": {
      "calls": 16,
      "cpu_ms": 2697.1485019748798,
      "gpu_ms": 2696.879684448242
    },
    "randn": {
      "calls": 12,
      "cpu_ms": 0.3901909803971648,
      "gpu_ms": 0.21507200133055449
    },
    "scheduler_add_noise": {
      "calls": 12,
      "cpu_ms": 1.2352880075923167,
      "gpu_ms": 1.0640640035271645
    }
  },
  "total_cpu_ms": 2698.7739809628692,
  "total_gpu_ms": 2698.1588204531
}