{
  "meta": {
    "batch_size": 1,
    "cuda": "13.0",
    "cuda_capability": [
      10,
      3
    ],
    "cuda_device": "NVIDIA B300 SXM6 AC",
    "kv_cache_attention_bias": 0.3,
    "latent_device": "cuda:0",
    "latent_dtype": "torch.bfloat16",
    "num_denoising_steps": 4,
    "num_frames": 3,
    "torch": "2.9.0+cu130"
  },
  "steps": {
    "generator": {
      "calls": 12,
      "cpu_ms": 1062.0978909937548,
      "gpu_ms": 1061.8915252685547
    },
    "randn": {
      "calls": 9,
      "cpu_ms": 0.3119609973509796,
      "gpu_ms": 0.181856001727283
    },
    "scheduler_add_noise": {
      "calls": 9,
      "cpu_ms": 1.0202580160694197,
      "gpu_ms": 0.8833920061588287
    }
  },
  "total_cpu_ms": 1063.4301100071752,
  "total_gpu_ms": 1062.9567732764408
}