{
  "meta": {
    "batch_size": 1,
    "cuda": "12.8",
    "cuda_capability": [
      10,
      3
    ],
    "cuda_device": "NVIDIA B300 SXM6 AC",
    "kv_cache_attention_bias": 0.3,
    "latent_device": "cuda:0",
    "latent_dtype": "torch.bfloat16",
    "num_denoising_steps": 4,
    "num_frames": 3,
    "torch": "2.8.0+cu128"
  },
  "steps": {
    "generator": {
      "calls": 28,
      "cpu_ms": 6932.464218010864,
      "gpu_ms": 6931.810653686523
    },
    "randn": {
      "calls": 21,
      "cpu_ms": 0.9311249959864654,
      "gpu_ms": 0.5080960020422935
    },
    "scheduler_add_noise": {
      "calls": 21,
      "cpu_ms": 3.0063049962336663,
      "gpu_ms": 2.635743997991085
    }
  },
  "total_cpu_ms": 6936.401648003084,
  "total_gpu_ms": 6934.954493686557
}