{
  "blocks": {
    "auto_prepare_latents": {
      "calls": 4,
      "cpu_ms": 0.3069729937124066,
      "gpu_ms": 0.2489279992878437
    },
    "auto_preprocess_video": {
      "calls": 4,
      "cpu_ms": 0.14727599045727402,
      "gpu_ms": 0.08227199874818325
    },
    "decode": {
      "calls": 4,
      "cpu_ms": 780.819360006717,
      "gpu_ms": 780.6817321777344
    },
    "denoise": {
      "calls": 4,
      "cpu_ms": 1090.5880460049957,
      "gpu_ms": 1090.4143981933594
    },
    "embedding_blending": {
      "calls": 4,
      "cpu_ms": 0.22742401051800698,
      "gpu_ms": 0.16758399829268456
    },
    "prepare_context_frames": {
      "calls": 4,
      "cpu_ms": 0.8100390041363426,
      "gpu_ms": 0.6404160112142563
    },
    "prepare_next": {
      "calls": 4,
      "cpu_ms": 0.1430060074198991,
      "gpu_ms": 0.07862399891018867
    },
    "recompute_kv_cache": {
      "calls": 4,
      "cpu_ms": 365.4281980052474,
      "gpu_ms": 365.3232955932617
    },
    "set_timesteps": {
      "calls": 4,
      "cpu_ms": 0.23949400201672688,
      "gpu_ms": 0.181024007499218
    },
    "setup_caches": {
      "calls": 4,
      "cpu_ms": 0.25102399376919493,
      "gpu_ms": 0.19513599947094917
    },
    "text_conditioning": {
      "calls": 4,
      "cpu_ms": 0.36921000719303265,
      "gpu_ms": 0.2924799993634224
    }
  },
  "meta": {
    "cuda": "13.0",
    "cuda_capability": [
      10,
      3
    ],
    "cuda_device": "NVIDIA B300 SXM6 AC",
    "torch": "2.9.0+cu130"
  },
  "total_cpu_ms": 2239.330050026183,
  "total_gpu_ms": 2238.305889977142
}