{
  "blocks": {
    "auto_prepare_latents": {
      "calls": 1,
      "cpu_ms": 0.07705800089752302,
      "gpu_ms": 0.06060799956321716
    },
    "auto_preprocess_video": {
      "calls": 1,
      "cpu_ms": 0.031418996513821185,
      "gpu_ms": 0.01727999933063984
    },
    "decode": {
      "calls": 1,
      "cpu_ms": 72.9364130020258,
      "gpu_ms": 72.90995025634766
    },
    "denoise": {
      "calls": 1,
      "cpu_ms": 227.8859980069683,
      "gpu_ms": 227.86492919921875
    },
    "embedding_blending": {
      "calls": 1,
      "cpu_ms": 0.28868200024589896,
      "gpu_ms": 0.2691839933395386
    },
    "prepare_context_frames": {
      "calls": 1,
      "cpu_ms": 0.11146700126118958,
      "gpu_ms": 0.08835200220346451
    },
    "prepare_next": {
      "calls": 1,
      "cpu_ms": 0.03393900260562077,
      "gpu_ms": 0.01817600056529045
    },
    "recompute_kv_cache": {
      "calls": 1,
      "cpu_ms": 0.07354700210271403,
      "gpu_ms": 0.05951999872922897
    },
    "set_timesteps": {
      "calls": 1,
      "cpu_ms": 0.04959799844073132,
      "gpu_ms": 0.03379200026392937
    },
    "setup_caches": {
      "calls": 1,
      "cpu_ms": 3.1124119996093214,
      "gpu_ms": 3.0971200466156006
    },
    "text_conditioning": {
      "calls": 1,
      "cpu_ms": 35.130672993545886,
      "gpu_ms": 35.10367965698242
    }
  },
  "meta": {
    "cuda": "13.0",
    "cuda_capability": [
      10,
      3
    ],
    "cuda_device": "NVIDIA B300 SXM6 AC",
    "torch": "2.9.0+cu130"
  },
  "total_cpu_ms": 339.7312060042168,
  "total_gpu_ms": 339.52259115315974
}