{
  "meta": {
    "cuda": "12.8",
    "cuda_capability": [
      10,
      3
    ],
    "cuda_device": "NVIDIA B300 SXM6 AC",
    "latent_device": "cuda:0",
    "latent_dtype": "torch.bfloat16",
    "latent_shape": [
      1,
      3,
      16,
      40,
      72
    ],
    "torch": "2.8.0+cu128",
    "use_cache": true
  },
  "steps": {
    "get_scale": {
      "calls": 7,
      "cpu_ms": 12.419879996741656,
      "gpu_ms": 12.290431950241327
    },
    "postprocess": {
      "calls": 7,
      "cpu_ms": 0.6326709954009857,
      "gpu_ms": 0.5007039941847324
    },
    "prep_permute_cast": {
      "calls": 7,
      "cpu_ms": 0.20978600150556304,
      "gpu_ms": 0.07737600058317184
    },
    "stream_decode": {
      "calls": 7,
      "cpu_ms": 5532.206269999733,
      "gpu_ms": 5532.0455322265625
    }
  },
  "total_cpu_ms": 5545.468606993381,
  "total_gpu_ms": 5544.914044171572
}