{
  "meta": {
    "cuda": "13.0",
    "cuda_capability": [
      10,
      3
    ],
    "cuda_device": "NVIDIA B300 SXM6 AC",
    "latent_device": "cuda:0",
    "latent_dtype": "torch.bfloat16",
    "latent_shape": [
      1,
      3,
      16,
      40,
      72
    ],
    "torch": "2.9.0+cu130",
    "use_cache": true
  },
  "steps": {
    "get_scale": {
      "calls": 4,
      "cpu_ms": 0.1774769989424385,
      "gpu_ms": 0.12121600098907948
    },
    "postprocess": {
      "calls": 4,
      "cpu_ms": 0.23543398856418207,
      "gpu_ms": 0.16198400035500526
    },
    "prep_permute_cast": {
      "calls": 4,
      "cpu_ms": 0.11295800504740328,
      "gpu_ms": 0.03814399987459183
    },
    "stream_decode": {
      "calls": 4,
      "cpu_ms": 823.6367409990635,
      "gpu_ms": 823.57373046875
    }
  },
  "total_cpu_ms": 824.1626099916175,
  "total_gpu_ms": 823.8950744699687
}