{
  "blocks": {
    "auto_prepare_latents": {
      "calls": 4,
      "cpu_ms": 0.34452000545570627,
      "gpu_ms": 0.28681599348783493
    },
    "auto_preprocess_video": {
      "calls": 4,
      "cpu_ms": 0.11717600136762485,
      "gpu_ms": 0.06108799856156111
    },
    "decode": {
      "calls": 4,
      "cpu_ms": 824.8115750029683,
      "gpu_ms": 824.7404174804688
    },
    "denoise": {
      "calls": 4,
      "cpu_ms": 1856.2161669979105,
      "gpu_ms": 1856.1377563476562
    },
    "embedding_blending": {
      "calls": 4,
      "cpu_ms": 0.24431400379398838,
      "gpu_ms": 0.1855360008776188
    },
    "prepare_context_frames": {
      "calls": 4,
      "cpu_ms": 0.7044120065984316,
      "gpu_ms": 0.6288000196218491
    },
    "prepare_next": {
      "calls": 4,
      "cpu_ms": 0.14906501019140705,
      "gpu_ms": 0.08044799976050854
    },
    "recompute_kv_cache": {
      "calls": 4,
      "cpu_ms": 578.552793005656,
      "gpu_ms": 578.4876861572266
    },
    "set_timesteps": {
      "calls": 4,
      "cpu_ms": 0.2856530045391992,
      "gpu_ms": 0.22870400175452232
    },
    "setup_caches": {
      "calls": 4,
      "cpu_ms": 0.2964509912999347,
      "gpu_ms": 0.24063999950885773
    },
    "text_conditioning": {
      "calls": 4,
      "cpu_ms": 0.4607879964169115,
      "gpu_ms": 0.3755840063095093
    }
  },
  "meta": {
    "cuda": "13.0",
    "cuda_capability": [
      10,
      3
    ],
    "cuda_device": "NVIDIA B300 SXM6 AC",
    "torch": "2.9.0+cu130"
  },
  "total_cpu_ms": 3262.182914026198,
  "total_gpu_ms": 3261.453476005234
}