{
  "meta": {
    "batch_size": 1,
    "cuda": "13.0",
    "cuda_capability": [
      10,
      3
    ],
    "cuda_device": "NVIDIA B300 SXM6 AC",
    "kv_cache_attention_bias": 0.3,
    "latent_device": "cuda:0",
    "latent_dtype": "torch.bfloat16",
    "num_denoising_steps": 4,
    "num_frames": 3,
    "torch": "2.9.0+cu130"
  },
  "steps": {
    "generator": {
      "calls": 16,
      "cpu_ms": 1331.754752980487,
      "gpu_ms": 1331.5036849975586
    },
    "randn": {
      "calls": 12,
      "cpu_ms": 0.3746089932974428,
      "gpu_ms": 0.19638399872928858
    },
    "scheduler_add_noise": {
      "calls": 12,
      "cpu_ms": 1.2387429960654117,
      "gpu_ms": 1.0632320046424866
    }
  },
  "total_cpu_ms": 1333.3681049698498,
  "total_gpu_ms": 1332.7633010009304
}