{
  "blocks": {
    "auto_prepare_latents": {
      "calls": 7,
      "cpu_ms": 0.46469598601106554,
      "gpu_ms": 0.3638719953596592
    },
    "auto_preprocess_video": {
      "calls": 7,
      "cpu_ms": 0.2047929956461303,
      "gpu_ms": 0.09644799958914518
    },
    "decode": {
      "calls": 7,
      "cpu_ms": 419.95845000928966,
      "gpu_ms": 419.73085021972656
    },
    "denoise": {
      "calls": 7,
      "cpu_ms": 1591.8219899976975,
      "gpu_ms": 1591.5913543701172
    },
    "embedding_blending": {
      "calls": 7,
      "cpu_ms": 0.382537989935372,
      "gpu_ms": 0.2792639993131161
    },
    "prepare_context_frames": {
      "calls": 7,
      "cpu_ms": 0.8637979990453459,
      "gpu_ms": 0.6819519996643066
    },
    "prepare_next": {
      "calls": 7,
      "cpu_ms": 0.2385829939157702,
      "gpu_ms": 0.11980799958109856
    },
    "recompute_kv_cache": {
      "calls": 7,
      "cpu_ms": 423.52921400015475,
      "gpu_ms": 423.3831367492676
    },
    "set_timesteps": {
      "calls": 7,
      "cpu_ms": 0.340361992130056,
      "gpu_ms": 0.23974399641156197
    },
    "setup_caches": {
      "calls": 7,
      "cpu_ms": 0.4053499942529015,
      "gpu_ms": 0.3075839951634407
    },
    "text_conditioning": {
      "calls": 7,
      "cpu_ms": 0.560306005354505,
      "gpu_ms": 0.4338559992611408
    }
  },
  "meta": {
    "cuda": "13.0",
    "cuda_capability": [
      10,
      3
    ],
    "cuda_device": "NVIDIA B300 SXM6 AC",
    "torch": "2.9.0+cu130"
  },
  "total_cpu_ms": 2438.770079963433,
  "total_gpu_ms": 2437.227869323455
}