{
  "meta": {
    "cuda": "13.0",
    "cuda_capability": [
      10,
      3
    ],
    "cuda_device": "NVIDIA B300 SXM6 AC",
    "first_batch": false,
    "t": 3,
    "torch": "2.9.0+cu130",
    "z_device": "cuda:0",
    "z_dtype": "torch.bfloat16",
    "z_shape": [
      1,
      16,
      3,
      40,
      72
    ]
  },
  "steps": {
    "apply_scale": {
      "calls": 3,
      "cpu_ms": 0.10646900011579419,
      "gpu_ms": 0.06380799971520901
    },
    "conv2": {
      "calls": 3,
      "cpu_ms": 0.1764339999681397,
      "gpu_ms": 0.13539199903607368
    },
    "decoder_chunk": {
      "calls": 3,
      "cpu_ms": 188.20935700000518,
      "gpu_ms": 188.14694213867188
    }
  },
  "total_cpu_ms": 188.49226000008912,
  "total_gpu_ms": 188.34614213742316
}