{
  "meta": {
    "batch_size": 1,
    "cuda": "13.0",
    "cuda_capability": [
      10,
      3
    ],
    "cuda_device": "NVIDIA B300 SXM6 AC",
    "kv_cache_attention_bias": 0.3,
    "latent_device": "cuda:0",
    "latent_dtype": "torch.bfloat16",
    "num_denoising_steps": 4,
    "num_frames": 3,
    "torch": "2.9.0+cu130"
  },
  "steps": {
    "generator": {
      "calls": 24,
      "cpu_ms": 3947.2066330017697,
      "gpu_ms": 3946.803237915039
    },
    "randn": {
      "calls": 18,
      "cpu_ms": 0.6063329983589938,
      "gpu_ms": 0.3445439990609884
    },
    "scheduler_add_noise": {
      "calls": 18,
      "cpu_ms": 1.9933740004489664,
      "gpu_ms": 1.7370560020208359
    }
  },
  "total_cpu_ms": 3949.8063400005776,
  "total_gpu_ms": 3948.884837916121
}