{
  "meta": {
    "WANVAE_ENCODE_CHANNELS_LAST_3D": false,
    "cuda": "13.0",
    "cuda_capability": [
      10,
      3
    ],
    "cuda_device": "NVIDIA B300 SXM6 AC",
    "pixel_device": "cuda:0",
    "pixel_dtype": "torch.bfloat16",
    "pixel_shape": [
      1,
      3,
      1,
      256,
      256
    ],
    "torch": "2.9.0+cu130",
    "use_cache": false
  },
  "steps": {
    "encode_with_cache": {
      "calls": 3,
      "cpu_ms": 24.25170399965282,
      "gpu_ms": 24.199968338012695
    },
    "get_scale": {
      "calls": 6,
      "cpu_ms": 0.22756400085199857,
      "gpu_ms": 0.14307199977338314
    },
    "normalize": {
      "calls": 3,
      "cpu_ms": 0.1370270001643803,
      "gpu_ms": 0.07772799767553806
    },
    "post_permute": {
      "calls": 6,
      "cpu_ms": 0.14713500013385783,
      "gpu_ms": 0.044576000422239304
    },
    "prep_memory_format": {
      "calls": 6,
      "cpu_ms": 0.12356699971860508,
      "gpu_ms": 0.027424000203609467
    },
    "stream_encode": {
      "calls": 3,
      "cpu_ms": 126.34414200010724,
      "gpu_ms": 126.29043197631836
    }
  },
  "total_cpu_ms": 151.2311390006289,
  "total_gpu_ms": 150.78320031240582
}