{
  "blocks": {
    "auto_prepare_latents": {
      "calls": 3,
      "cpu_ms": 0.22033699860912748,
      "gpu_ms": 0.17795199900865555
    },
    "auto_preprocess_video": {
      "calls": 3,
      "cpu_ms": 0.09914100155583583,
      "gpu_ms": 0.04047999996691942
    },
    "decode": {
      "calls": 3,
      "cpu_ms": 608.3170020028774,
      "gpu_ms": 608.2553863525391
    },
    "denoise": {
      "calls": 3,
      "cpu_ms": 1038.1347600050503,
      "gpu_ms": 1038.0630187988281
    },
    "embedding_blending": {
      "calls": 3,
      "cpu_ms": 0.16170800154213794,
      "gpu_ms": 0.11910400167107582
    },
    "prepare_context_frames": {
      "calls": 3,
      "cpu_ms": 0.3882470009557437,
      "gpu_ms": 0.3402559980750084
    },
    "prepare_next": {
      "calls": 3,
      "cpu_ms": 0.09892999878502451,
      "gpu_ms": 0.054463998414576054
    },
    "recompute_kv_cache": {
      "calls": 3,
      "cpu_ms": 295.2201449988934,
      "gpu_ms": 295.170654296875
    },
    "set_timesteps": {
      "calls": 3,
      "cpu_ms": 0.14929899771232158,
      "gpu_ms": 0.10745599865913391
    },
    "setup_caches": {
      "calls": 3,
      "cpu_ms": 0.17164900054922327,
      "gpu_ms": 0.13151999935507774
    },
    "text_conditioning": {
      "calls": 3,
      "cpu_ms": 0.23182999939308502,
      "gpu_ms": 0.179967999458313
    }
  },
  "meta": {
    "cuda": "13.0",
    "cuda_capability": [
      10,
      3
    ],
    "cuda_device": "NVIDIA B300 SXM6 AC",
    "torch": "2.9.0+cu130"
  },
  "total_cpu_ms": 1943.1930480059236,
  "total_gpu_ms": 1942.640259442851
}