{
  "blocks": {
    "auto_prepare_latents": {
      "calls": 4,
      "cpu_ms": 0.24131299142027274,
      "gpu_ms": 0.1847039982676506
    },
    "auto_preprocess_video": {
      "calls": 4,
      "cpu_ms": 0.09554602002026513,
      "gpu_ms": 0.03974399995058775
    },
    "decode": {
      "calls": 4,
      "cpu_ms": 240.69343500741525,
      "gpu_ms": 240.60425567626953
    },
    "denoise": {
      "calls": 4,
      "cpu_ms": 1101.8688590047532,
      "gpu_ms": 1101.772216796875
    },
    "embedding_blending": {
      "calls": 4,
      "cpu_ms": 0.19526300457073376,
      "gpu_ms": 0.13647999987006187
    },
    "prepare_context_frames": {
      "calls": 4,
      "cpu_ms": 0.4356339923106134,
      "gpu_ms": 0.3425599932670593
    },
    "prepare_next": {
      "calls": 4,
      "cpu_ms": 0.13091699656797573,
      "gpu_ms": 0.06560000032186508
    },
    "recompute_kv_cache": {
      "calls": 4,
      "cpu_ms": 247.3775189864682,
      "gpu_ms": 247.3040657043457
    },
    "set_timesteps": {
      "calls": 4,
      "cpu_ms": 0.18074599211104214,
      "gpu_ms": 0.12304000370204449
    },
    "setup_caches": {
      "calls": 4,
      "cpu_ms": 0.22353199892677367,
      "gpu_ms": 0.15455999970436096
    },
    "text_conditioning": {
      "calls": 4,
      "cpu_ms": 0.2692830021260306,
      "gpu_ms": 0.19836799800395966
    }
  },
  "meta": {
    "cuda": "13.0",
    "cuda_capability": [
      10,
      3
    ],
    "cuda_device": "NVIDIA B300 SXM6 AC",
    "torch": "2.9.0+cu130"
  },
  "total_cpu_ms": 1591.7120469966903,
  "total_gpu_ms": 1590.9255941705778
}