{
  "blocks": {
    "auto_prepare_latents": {
      "calls": 4,
      "cpu_ms": 0.2520949929021299,
      "gpu_ms": 0.18544000014662743
    },
    "auto_preprocess_video": {
      "calls": 4,
      "cpu_ms": 0.09576800221111625,
      "gpu_ms": 0.04035200085490942
    },
    "decode": {
      "calls": 4,
      "cpu_ms": 241.22351899859495,
      "gpu_ms": 241.13545989990234
    },
    "denoise": {
      "calls": 4,
      "cpu_ms": 1062.3017860052641,
      "gpu_ms": 1062.1964721679688
    },
    "embedding_blending": {
      "calls": 4,
      "cpu_ms": 0.1972350073629059,
      "gpu_ms": 0.14028799906373024
    },
    "prepare_context_frames": {
      "calls": 4,
      "cpu_ms": 0.38599099207203835,
      "gpu_ms": 0.30368001013994217
    },
    "prepare_next": {
      "calls": 4,
      "cpu_ms": 0.11670600360957906,
      "gpu_ms": 0.05679999943822622
    },
    "recompute_kv_cache": {
      "calls": 4,
      "cpu_ms": 246.37862099916674,
      "gpu_ms": 246.30310440063477
    },
    "set_timesteps": {
      "calls": 4,
      "cpu_ms": 0.17498400120530277,
      "gpu_ms": 0.11881599947810173
    },
    "setup_caches": {
      "calls": 4,
      "cpu_ms": 0.2019749954342842,
      "gpu_ms": 0.14713599905371666
    },
    "text_conditioning": {
      "calls": 4,
      "cpu_ms": 0.2522249924368225,
      "gpu_ms": 0.1839359998703003
    }
  },
  "meta": {
    "cuda": "13.0",
    "cuda_capability": [
      10,
      3
    ],
    "cuda_device": "NVIDIA B300 SXM6 AC",
    "torch": "2.9.0+cu130"
  },
  "total_cpu_ms": 1551.58090499026,
  "total_gpu_ms": 1550.8114844765514
}