{
  "blocks": {
    "auto_prepare_latents": {
      "calls": 4,
      "cpu_ms": 0.24899999698391184,
      "gpu_ms": 0.19123199954628944
    },
    "auto_preprocess_video": {
      "calls": 4,
      "cpu_ms": 0.11296999582555145,
      "gpu_ms": 0.04739199951291084
    },
    "decode": {
      "calls": 4,
      "cpu_ms": 242.56276799860643,
      "gpu_ms": 242.46556091308594
    },
    "denoise": {
      "calls": 4,
      "cpu_ms": 1074.0768739997293,
      "gpu_ms": 1073.9438781738281
    },
    "embedding_blending": {
      "calls": 4,
      "cpu_ms": 0.21345799905247986,
      "gpu_ms": 0.15532800182700157
    },
    "prepare_context_frames": {
      "calls": 4,
      "cpu_ms": 0.41871600842569023,
      "gpu_ms": 0.3237119987607002
    },
    "prepare_next": {
      "calls": 4,
      "cpu_ms": 0.12425900058588013,
      "gpu_ms": 0.061727999709546566
    },
    "recompute_kv_cache": {
      "calls": 4,
      "cpu_ms": 273.39624599699164,
      "gpu_ms": 273.30995178222656
    },
    "set_timesteps": {
      "calls": 4,
      "cpu_ms": 0.18445800378685817,
      "gpu_ms": 0.12758399732410908
    },
    "setup_caches": {
      "calls": 4,
      "cpu_ms": 0.21615600417135283,
      "gpu_ms": 0.1608319990336895
    },
    "text_conditioning": {
      "calls": 4,
      "cpu_ms": 0.2812570019159466,
      "gpu_ms": 0.21059200167655945
    }
  },
  "meta": {
    "cuda": "13.0",
    "cuda_capability": [
      10,
      3
    ],
    "cuda_device": "NVIDIA B300 SXM6 AC",
    "torch": "2.9.0+cu130"
  },
  "total_cpu_ms": 1591.836162006075,
  "total_gpu_ms": 1590.9977908665314
}