{
  "blocks": {
    "auto_prepare_latents": {
      "calls": 4,
      "cpu_ms": 0.27185099315829575,
      "gpu_ms": 0.20393599569797516
    },
    "auto_preprocess_video": {
      "calls": 4,
      "cpu_ms": 0.09574799332767725,
      "gpu_ms": 0.041152000427246094
    },
    "decode": {
      "calls": 4,
      "cpu_ms": 240.76644499291433,
      "gpu_ms": 240.70738983154297
    },
    "denoise": {
      "calls": 4,
      "cpu_ms": 1333.9509159995941,
      "gpu_ms": 1333.8818969726562
    },
    "embedding_blending": {
      "calls": 4,
      "cpu_ms": 0.19822599278995767,
      "gpu_ms": 0.14204800128936768
    },
    "prepare_context_frames": {
      "calls": 4,
      "cpu_ms": 0.38037999911466613,
      "gpu_ms": 0.3195840045809746
    },
    "prepare_next": {
      "calls": 4,
      "cpu_ms": 0.1227770044351928,
      "gpu_ms": 0.06524799950420856
    },
    "recompute_kv_cache": {
      "calls": 4,
      "cpu_ms": 346.9533449970186,
      "gpu_ms": 346.8940200805664
    },
    "set_timesteps": {
      "calls": 4,
      "cpu_ms": 0.18217400065623224,
      "gpu_ms": 0.1268799975514412
    },
    "setup_caches": {
      "calls": 4,
      "cpu_ms": 0.21163400379009545,
      "gpu_ms": 0.1576319970190525
    },
    "text_conditioning": {
      "calls": 4,
      "cpu_ms": 0.2653519914019853,
      "gpu_ms": 0.19695999845862389
    }
  },
  "meta": {
    "cuda": "13.0",
    "cuda_capability": [
      10,
      3
    ],
    "cuda_device": "NVIDIA B300 SXM6 AC",
    "torch": "2.9.0+cu130"
  },
  "total_cpu_ms": 1923.3988479682012,
  "total_gpu_ms": 1922.7367468792945
}