{
  "blocks": {
    "auto_prepare_latents": {
      "calls": 7,
      "cpu_ms": 0.4726490005850792,
      "gpu_ms": 0.3723520003259182
    },
    "auto_preprocess_video": {
      "calls": 7,
      "cpu_ms": 0.20882399985566735,
      "gpu_ms": 0.09804800059646368
    },
    "decode": {
      "calls": 7,
      "cpu_ms": 418.7435590138193,
      "gpu_ms": 418.55657958984375
    },
    "denoise": {
      "calls": 7,
      "cpu_ms": 1583.319430006668,
      "gpu_ms": 1583.1335754394531
    },
    "embedding_blending": {
      "calls": 7,
      "cpu_ms": 0.37838000571355224,
      "gpu_ms": 0.27587199956178665
    },
    "prepare_context_frames": {
      "calls": 7,
      "cpu_ms": 0.768150006479118,
      "gpu_ms": 0.6034240052103996
    },
    "prepare_next": {
      "calls": 7,
      "cpu_ms": 0.2232029873994179,
      "gpu_ms": 0.11376000288873911
    },
    "recompute_kv_cache": {
      "calls": 7,
      "cpu_ms": 418.23021299933316,
      "gpu_ms": 418.1009292602539
    },
    "set_timesteps": {
      "calls": 7,
      "cpu_ms": 0.35271100205136463,
      "gpu_ms": 0.24252799898386002
    },
    "setup_caches": {
      "calls": 7,
      "cpu_ms": 0.41272900853073224,
      "gpu_ms": 0.3146880008280277
    },
    "text_conditioning": {
      "calls": 7,
      "cpu_ms": 0.5634840053971857,
      "gpu_ms": 0.4383680075407028
    }
  },
  "meta": {
    "cuda": "13.0",
    "cuda_capability": [
      10,
      3
    ],
    "cuda_device": "NVIDIA B300 SXM6 AC",
    "torch": "2.9.0+cu130"
  },
  "total_cpu_ms": 2423.6733320358326,
  "total_gpu_ms": 2422.2501243054867
}