{
  "meta": {
    "batch_size": 1,
    "cuda": "12.9",
    "cuda_capability": [
      10,
      3
    ],
    "cuda_device": "NVIDIA B300 SXM6 AC",
    "kv_cache_attention_bias": 0.3,
    "latent_device": "cuda:0",
    "latent_dtype": "torch.bfloat16",
    "num_denoising_steps": 4,
    "num_frames": 3,
    "torch": "2.8.0+cu129"
  },
  "steps": {
    "generator": {
      "calls": 16,
      "cpu_ms": 1822.0470550004393,
      "gpu_ms": 1821.6480178833008
    },
    "randn": {
      "calls": 12,
      "cpu_ms": 0.6541310031025205,
      "gpu_ms": 0.3298559971153736
    },
    "scheduler_add_noise": {
      "calls": 12,
      "cpu_ms": 1.5851460047997534,
      "gpu_ms": 1.3630719929933548
    }
  },
  "total_cpu_ms": 1824.2863320083416,
  "total_gpu_ms": 1823.3409458734095
}