{
  "meta": {
    "cuda": "12.8",
    "cuda_capability": [
      10,
      3
    ],
    "cuda_device": "NVIDIA B300 SXM6 AC",
    "latent_device": "cuda:0",
    "latent_dtype": "torch.bfloat16",
    "latent_shape": [
      1,
      3,
      16,
      40,
      72
    ],
    "torch": "2.8.0+cu128",
    "use_cache": true
  },
  "steps": {
    "get_scale": {
      "calls": 5,
      "cpu_ms": 12.331874000665266,
      "gpu_ms": 12.211616016924381
    },
    "postprocess": {
      "calls": 5,
      "cpu_ms": 0.4971190028300043,
      "gpu_ms": 0.3940479978919029
    },
    "prep_permute_cast": {
      "calls": 5,
      "cpu_ms": 63.42251999740256,
      "gpu_ms": 0.0068159999791532755
    },
    "stream_decode": {
      "calls": 5,
      "cpu_ms": 3726.1530889991263,
      "gpu_ms": 3726.0076904296875
    }
  },
  "total_cpu_ms": 3802.404602000024,
  "total_gpu_ms": 3738.620170444483
}