{
  "meta": {
    "cuda": "13.0",
    "cuda_capability": [
      10,
      3
    ],
    "cuda_device": "NVIDIA B300 SXM6 AC",
    "first_batch": false,
    "t": 3,
    "torch": "2.9.0+cu130",
    "z_device": "cuda:0",
    "z_dtype": "torch.bfloat16",
    "z_shape": [
      1,
      16,
      3,
      40,
      72
    ]
  },
  "steps": {
    "apply_scale": {
      "calls": 3,
      "cpu_ms": 0.11774800077546388,
      "gpu_ms": 0.07382399961352348
    },
    "conv2": {
      "calls": 3,
      "cpu_ms": 0.203800002054777,
      "gpu_ms": 0.1629760004580021
    },
    "decoder_chunk": {
      "calls": 3,
      "cpu_ms": 607.1532490059326,
      "gpu_ms": 607.0610656738281
    }
  },
  "total_cpu_ms": 607.4747970087628,
  "total_gpu_ms": 607.2978656738997
}