{
  "meta": {
    "cuda": "13.0",
    "cuda_capability": [
      10,
      3
    ],
    "cuda_device": "NVIDIA B300 SXM6 AC",
    "latent_device": "cuda:0",
    "latent_dtype": "torch.bfloat16",
    "latent_shape": [
      1,
      3,
      16,
      40,
      72
    ],
    "torch": "2.9.0+cu130",
    "use_cache": true
  },
  "steps": {
    "get_scale": {
      "calls": 4,
      "cpu_ms": 0.2181450036005117,
      "gpu_ms": 0.16179200261831284
    },
    "postprocess": {
      "calls": 4,
      "cpu_ms": 0.5113950028317049,
      "gpu_ms": 0.4301440045237541
    },
    "prep_permute_cast": {
      "calls": 4,
      "cpu_ms": 0.11474699567770585,
      "gpu_ms": 0.05232000071555376
    },
    "stream_decode": {
      "calls": 4,
      "cpu_ms": 823.5889749994385,
      "gpu_ms": 823.5176239013672
    }
  },
  "total_cpu_ms": 824.4332620015484,
  "total_gpu_ms": 824.1618799092248
}