{
  "meta": {
    "cuda": "13.0",
    "cuda_capability": [
      10,
      3
    ],
    "cuda_device": "NVIDIA B300 SXM6 AC",
    "first_batch": false,
    "t": 3,
    "torch": "2.9.0+cu130",
    "z_device": "cuda:0",
    "z_dtype": "torch.bfloat16",
    "z_shape": [
      1,
      16,
      3,
      40,
      72
    ]
  },
  "steps": {
    "apply_scale": {
      "calls": 3,
      "cpu_ms": 0.11931700009881752,
      "gpu_ms": 0.07520000077784061
    },
    "conv2": {
      "calls": 3,
      "cpu_ms": 0.23821099966880865,
      "gpu_ms": 0.19596799835562706
    },
    "decoder_chunk": {
      "calls": 3,
      "cpu_ms": 188.35524500082101,
      "gpu_ms": 188.2899169921875
    }
  },
  "total_cpu_ms": 188.71277300058864,
  "total_gpu_ms": 188.56108499132097
}