{
  "meta": {
    "WANVAE_ENCODE_CHANNELS_LAST_3D": false,
    "cuda": "13.0",
    "cuda_capability": [
      10,
      3
    ],
    "cuda_device": "NVIDIA B300 SXM6 AC",
    "pixel_device": "cuda:0",
    "pixel_dtype": "torch.bfloat16",
    "pixel_shape": [
      1,
      3,
      1,
      256,
      256
    ],
    "torch": "2.9.0+cu130",
    "use_cache": false
  },
  "steps": {
    "encode_with_cache": {
      "calls": 3,
      "cpu_ms": 24.658719000399287,
      "gpu_ms": 24.60527992248535
    },
    "get_scale": {
      "calls": 6,
      "cpu_ms": 0.25626700016800896,
      "gpu_ms": 0.15452799946069717
    },
    "normalize": {
      "calls": 3,
      "cpu_ms": 0.15184699987003114,
      "gpu_ms": 0.08646400272846222
    },
    "post_permute": {
      "calls": 6,
      "cpu_ms": 0.1570350004840293,
      "gpu_ms": 0.047199999913573265
    },
    "prep_memory_format": {
      "calls": 6,
      "cpu_ms": 0.13637700021718047,
      "gpu_ms": 0.032160000409930944
    },
    "stream_encode": {
      "calls": 3,
      "cpu_ms": 127.08974699989994,
      "gpu_ms": 127.02367782592773
    }
  },
  "total_cpu_ms": 152.44999200103848,
  "total_gpu_ms": 151.94930975092575
}