{
  "blocks": {
    "auto_prepare_latents": {
      "calls": 3,
      "cpu_ms": 0.22646399156656116,
      "gpu_ms": 0.18396800011396408
    },
    "auto_preprocess_video": {
      "calls": 3,
      "cpu_ms": 0.08100800187094137,
      "gpu_ms": 0.03955200035125017
    },
    "decode": {
      "calls": 3,
      "cpu_ms": 189.19256199296797,
      "gpu_ms": 189.1426544189453
    },
    "denoise": {
      "calls": 3,
      "cpu_ms": 1084.9081909982488,
      "gpu_ms": 1084.8489379882812
    },
    "embedding_blending": {
      "calls": 3,
      "cpu_ms": 0.17193299572682008,
      "gpu_ms": 0.12716799974441528
    },
    "prepare_context_frames": {
      "calls": 3,
      "cpu_ms": 0.3886280028382316,
      "gpu_ms": 0.34067199379205704
    },
    "prepare_next": {
      "calls": 3,
      "cpu_ms": 0.10762600868474692,
      "gpu_ms": 0.055424001067876816
    },
    "recompute_kv_cache": {
      "calls": 3,
      "cpu_ms": 260.53975598915713,
      "gpu_ms": 260.4928970336914
    },
    "set_timesteps": {
      "calls": 3,
      "cpu_ms": 0.18227499822387472,
      "gpu_ms": 0.13955200091004372
    },
    "setup_caches": {
      "calls": 3,
      "cpu_ms": 0.1927940029418096,
      "gpu_ms": 0.15228800103068352
    },
    "text_conditioning": {
      "calls": 3,
      "cpu_ms": 0.2837349966284819,
      "gpu_ms": 0.2290559932589531
    }
  },
  "meta": {
    "cuda": "13.0",
    "cuda_capability": [
      10,
      3
    ],
    "cuda_device": "NVIDIA B300 SXM6 AC",
    "torch": "2.9.0+cu130"
  },
  "total_cpu_ms": 1536.2749719788553,
  "total_gpu_ms": 1535.7521694311872
}