{
  "meta": {
    "cuda": "13.0",
    "cuda_capability": [
      10,
      3
    ],
    "cuda_device": "NVIDIA B300 SXM6 AC",
    "first_batch": false,
    "t": 3,
    "torch": "2.9.0+cu130",
    "z_device": "cuda:0",
    "z_dtype": "torch.bfloat16",
    "z_shape": [
      1,
      16,
      3,
      40,
      72
    ]
  },
  "steps": {
    "apply_scale": {
      "calls": 4,
      "cpu_ms": 0.19291300122858956,
      "gpu_ms": 0.13222399726510048
    },
    "conv2": {
      "calls": 4,
      "cpu_ms": 0.4431140005181078,
      "gpu_ms": 0.38598400354385376
    },
    "decoder_chunk": {
      "calls": 4,
      "cpu_ms": 798.385412999778,
      "gpu_ms": 798.2635650634766
    }
  },
  "total_cpu_ms": 799.0214400015248,
  "total_gpu_ms": 798.7817730642855
}