{
  "meta": {
    "cuda": "12.8",
    "cuda_capability": [
      10,
      3
    ],
    "cuda_device": "NVIDIA B300 SXM6 AC",
    "first_batch": false,
    "t": 3,
    "torch": "2.8.0+cu128",
    "z_device": "cuda:0",
    "z_dtype": "torch.bfloat16",
    "z_shape": [
      1,
      16,
      3,
      40,
      72
    ]
  },
  "steps": {
    "apply_scale": {
      "calls": 4,
      "cpu_ms": 0.1715059988782741,
      "gpu_ms": 0.09929599799215794
    },
    "cat": {
      "calls": 1,
      "cpu_ms": 0.06484799814643338,
      "gpu_ms": 0.03526400029659271
    },
    "conv2": {
      "calls": 4,
      "cpu_ms": 0.47031799840624444,
      "gpu_ms": 0.4004480019211769
    },
    "decoder_chunk": {
      "calls": 3,
      "cpu_ms": 2407.50690799905,
      "gpu_ms": 2407.3759155273438
    },
    "decoder_first": {
      "calls": 1,
      "cpu_ms": 95.06615999998758,
      "gpu_ms": 95.03974151611328
    },
    "decoder_rest": {
      "calls": 1,
      "cpu_ms": 538.7330669982475,
      "gpu_ms": 538.6951293945312
    }
  },
  "total_cpu_ms": 3042.012806992716,
  "total_gpu_ms": 3041.645794438198
}