{
  "meta": {
    "cuda": "13.0",
    "cuda_capability": [
      10,
      3
    ],
    "cuda_device": "NVIDIA B300 SXM6 AC",
    "first_batch": false,
    "t": 3,
    "torch": "2.9.0+cu130",
    "z_device": "cuda:0",
    "z_dtype": "torch.bfloat16",
    "z_shape": [
      1,
      16,
      3,
      40,
      72
    ]
  },
  "steps": {
    "apply_scale": {
      "calls": 3,
      "cpu_ms": 0.12629699995159172,
      "gpu_ms": 0.08083199895918369
    },
    "conv2": {
      "calls": 3,
      "cpu_ms": 0.2863309964595828,
      "gpu_ms": 0.24297599866986275
    },
    "decoder_chunk": {
      "calls": 3,
      "cpu_ms": 607.1069819990953,
      "gpu_ms": 607.0303039550781
    }
  },
  "total_cpu_ms": 607.5196099955065,
  "total_gpu_ms": 607.3541119527072
}