{
  "blocks": {
    "auto_prepare_latents": {
      "calls": 4,
      "cpu_ms": 0.2625920024001971,
      "gpu_ms": 0.20105599611997604
    },
    "auto_preprocess_video": {
      "calls": 4,
      "cpu_ms": 0.11967700265813619,
      "gpu_ms": 0.06303999945521355
    },
    "decode": {
      "calls": 4,
      "cpu_ms": 241.50583999289665,
      "gpu_ms": 241.39676666259766
    },
    "denoise": {
      "calls": 4,
      "cpu_ms": 1070.7584289993974,
      "gpu_ms": 1070.6413879394531
    },
    "embedding_blending": {
      "calls": 4,
      "cpu_ms": 0.22532300499733537,
      "gpu_ms": 0.16723200306296349
    },
    "prepare_context_frames": {
      "calls": 4,
      "cpu_ms": 0.4636779995053075,
      "gpu_ms": 0.37030399590730667
    },
    "prepare_next": {
      "calls": 4,
      "cpu_ms": 0.13009600661462173,
      "gpu_ms": 0.06758400052785873
    },
    "recompute_kv_cache": {
      "calls": 4,
      "cpu_ms": 250.30625599174527,
      "gpu_ms": 250.22614288330078
    },
    "set_timesteps": {
      "calls": 4,
      "cpu_ms": 0.2004759880946949,
      "gpu_ms": 0.14323199912905693
    },
    "setup_caches": {
      "calls": 4,
      "cpu_ms": 0.22701299894833937,
      "gpu_ms": 0.17193599790334702
    },
    "text_conditioning": {
      "calls": 4,
      "cpu_ms": 0.3119910034001805,
      "gpu_ms": 0.23600000143051147
    }
  },
  "meta": {
    "cuda": "13.0",
    "cuda_capability": [
      10,
      3
    ],
    "cuda_device": "NVIDIA B300 SXM6 AC",
    "torch": "2.9.0+cu130"
  },
  "total_cpu_ms": 1564.5113709906582,
  "total_gpu_ms": 1563.6846814788878
}