{
  "blocks": {
    "auto_prepare_latents": {
      "calls": 1,
      "cpu_ms": 0.07858799654059112,
      "gpu_ms": 0.05737600103020668
    },
    "auto_preprocess_video": {
      "calls": 1,
      "cpu_ms": 0.028809001378249377,
      "gpu_ms": 0.014816000126302242
    },
    "decode": {
      "calls": 1,
      "cpu_ms": 73.27521000115667,
      "gpu_ms": 73.25145721435547
    },
    "denoise": {
      "calls": 1,
      "cpu_ms": 233.1484879978234,
      "gpu_ms": 233.1281280517578
    },
    "embedding_blending": {
      "calls": 1,
      "cpu_ms": 0.2842109970515594,
      "gpu_ms": 0.2648639976978302
    },
    "prepare_context_frames": {
      "calls": 1,
      "cpu_ms": 0.10273700172547251,
      "gpu_ms": 0.08128000050783157
    },
    "prepare_next": {
      "calls": 1,
      "cpu_ms": 0.03131900302832946,
      "gpu_ms": 0.015584000386297703
    },
    "recompute_kv_cache": {
      "calls": 1,
      "cpu_ms": 0.0730279934941791,
      "gpu_ms": 0.05817599967122078
    },
    "set_timesteps": {
      "calls": 1,
      "cpu_ms": 0.05100899579701945,
      "gpu_ms": 0.03510399907827377
    },
    "setup_caches": {
      "calls": 1,
      "cpu_ms": 3.1487700034631416,
      "gpu_ms": 3.133888006210327
    },
    "text_conditioning": {
      "calls": 1,
      "cpu_ms": 35.097893996862695,
      "gpu_ms": 35.07756805419922
    }
  },
  "meta": {
    "cuda": "13.0",
    "cuda_capability": [
      10,
      3
    ],
    "cuda_device": "NVIDIA B300 SXM6 AC",
    "torch": "2.9.0+cu130"
  },
  "total_cpu_ms": 345.3200629883213,
  "total_gpu_ms": 345.1182413250208
}