{
  "meta": {
    "cuda": "12.8",
    "cuda_capability": [
      10,
      3
    ],
    "cuda_device": "NVIDIA B300 SXM6 AC",
    "latent_device": "cuda:0",
    "latent_dtype": "torch.bfloat16",
    "latent_shape": [
      1,
      3,
      16,
      40,
      72
    ],
    "torch": "2.8.0+cu128",
    "use_cache": true
  },
  "steps": {
    "get_scale": {
      "calls": 4,
      "cpu_ms": 0.21726300110458396,
      "gpu_ms": 0.14908799901604652
    },
    "postprocess": {
      "calls": 4,
      "cpu_ms": 0.47117700160015374,
      "gpu_ms": 0.38396800123155117
    },
    "prep_permute_cast": {
      "calls": 4,
      "cpu_ms": 0.12773599883075804,
      "gpu_ms": 0.04963199980556965
    },
    "stream_decode": {
      "calls": 4,
      "cpu_ms": 2960.95504299592,
      "gpu_ms": 2960.858642578125
    }
  },
  "total_cpu_ms": 2961.7712189974554,
  "total_gpu_ms": 2961.441330578178
}