{
  "meta": {
    "cuda": "12.8",
    "cuda_capability": [
      10,
      3
    ],
    "cuda_device": "NVIDIA B300 SXM6 AC",
    "first_batch": false,
    "t": 3,
    "torch": "2.8.0+cu128",
    "z_device": "cuda:0",
    "z_dtype": "torch.bfloat16",
    "z_shape": [
      1,
      16,
      3,
      40,
      72
    ]
  },
  "steps": {
    "apply_scale": {
      "calls": 4,
      "cpu_ms": 0.183445998118259,
      "gpu_ms": 0.11116799898445606
    },
    "cat": {
      "calls": 1,
      "cpu_ms": 0.0670789995638188,
      "gpu_ms": 0.03731200098991394
    },
    "conv2": {
      "calls": 4,
      "cpu_ms": 0.5087459976493847,
      "gpu_ms": 0.43967999517917633
    },
    "decoder_chunk": {
      "calls": 3,
      "cpu_ms": 2342.419324999355,
      "gpu_ms": 2342.2559814453125
    },
    "decoder_first": {
      "calls": 1,
      "cpu_ms": 92.6194450003095,
      "gpu_ms": 92.59366607666016
    },
    "decoder_rest": {
      "calls": 1,
      "cpu_ms": 524.5314020030492,
      "gpu_ms": 524.4957885742188
    }
  },
  "total_cpu_ms": 2960.329442998045,
  "total_gpu_ms": 2959.933596091345
}