{
  "blocks": {
    "auto_prepare_latents": {
      "calls": 1,
      "cpu_ms": 46.73086599996168,
      "gpu_ms": 46.708065032958984
    },
    "auto_preprocess_video": {
      "calls": 1,
      "cpu_ms": 2.0358589999887045,
      "gpu_ms": 2.018752098083496
    },
    "embedding_blending": {
      "calls": 1,
      "cpu_ms": 0.277803000244603,
      "gpu_ms": 0.2579840123653412
    },
    "set_timesteps": {
      "calls": 1,
      "cpu_ms": 0.06015899998601526,
      "gpu_ms": 0.03625600039958954
    },
    "setup_caches": {
      "calls": 1,
      "cpu_ms": 3.6481389997788938,
      "gpu_ms": 3.626944065093994
    },
    "text_conditioning": {
      "calls": 1,
      "cpu_ms": 35.1580940000531,
      "gpu_ms": 35.12908935546875
    }
  },
  "meta": {
    "cuda": "13.0",
    "cuda_capability": [
      10,
      3
    ],
    "cuda_device": "NVIDIA B300 SXM6 AC",
    "torch": "2.9.0+cu130"
  },
  "total_cpu_ms": 87.910920000013,
  "total_gpu_ms": 87.77709056437016
}