{
  "meta": {
    "cuda": "13.0",
    "cuda_capability": [
      10,
      3
    ],
    "cuda_device": "NVIDIA B300 SXM6 AC",
    "first_batch": false,
    "t": 3,
    "torch": "2.9.0+cu130",
    "z_device": "cuda:0",
    "z_dtype": "torch.bfloat16",
    "z_shape": [
      1,
      16,
      3,
      40,
      72
    ]
  },
  "steps": {
    "apply_scale": {
      "calls": 4,
      "cpu_ms": 0.1670140009082388,
      "gpu_ms": 0.10415999963879585
    },
    "conv2": {
      "calls": 4,
      "cpu_ms": 0.3405540010135155,
      "gpu_ms": 0.27449599653482437
    },
    "decoder_chunk": {
      "calls": 4,
      "cpu_ms": 798.5648629983189,
      "gpu_ms": 798.4902954101562
    }
  },
  "total_cpu_ms": 799.0724310002406,
  "total_gpu_ms": 798.8689514063299
}