{
  "blocks": {
    "auto_prepare_latents": {
      "calls": 4,
      "cpu_ms": 0.30908299959264696,
      "gpu_ms": 0.2396480031311512
    },
    "auto_preprocess_video": {
      "calls": 4,
      "cpu_ms": 0.13776600098935887,
      "gpu_ms": 0.05958399921655655
    },
    "decode": {
      "calls": 4,
      "cpu_ms": 3043.6093780008378,
      "gpu_ms": 3043.5014038085938
    },
    "denoise": {
      "calls": 4,
      "cpu_ms": 1860.960295998666,
      "gpu_ms": 1860.8533325195312
    },
    "embedding_blending": {
      "calls": 4,
      "cpu_ms": 0.4817969966097735,
      "gpu_ms": 0.4094719998538494
    },
    "prepare_context_frames": {
      "calls": 4,
      "cpu_ms": 0.5546959982893895,
      "gpu_ms": 0.48089599609375
    },
    "prepare_next": {
      "calls": 4,
      "cpu_ms": 0.15143599739531055,
      "gpu_ms": 0.0826559979468584
    },
    "recompute_kv_cache": {
      "calls": 4,
      "cpu_ms": 439.70575200000894,
      "gpu_ms": 439.61801099032164
    },
    "set_timesteps": {
      "calls": 4,
      "cpu_ms": 0.22179499501362443,
      "gpu_ms": 0.15334400162100792
    },
    "setup_caches": {
      "calls": 4,
      "cpu_ms": 4.240541999024572,
      "gpu_ms": 4.173504043370485
    },
    "text_conditioning": {
      "calls": 4,
      "cpu_ms": 35.93869000542327,
      "gpu_ms": 35.84262375533581
    }
  },
  "meta": {
    "cuda": "12.8",
    "cuda_capability": [
      10,
      3
    ],
    "cuda_device": "NVIDIA B300 SXM6 AC",
    "torch": "2.8.0+cu128"
  },
  "total_cpu_ms": 5386.311230991851,
  "total_gpu_ms": 5385.414475115016
}