{
  "meta": {
    "batch_size": 1,
    "cuda": "13.0",
    "cuda_capability": [
      10,
      3
    ],
    "cuda_device": "NVIDIA B300 SXM6 AC",
    "kv_cache_attention_bias": 0.3,
    "latent_device": "cuda:0",
    "latent_dtype": "torch.bfloat16",
    "num_denoising_steps": 4,
    "num_frames": 3,
    "torch": "2.9.0+cu130"
  },
  "steps": {
    "generator": {
      "calls": 28,
      "cpu_ms": 1605.9802540185046,
      "gpu_ms": 1605.5293769836426
    },
    "randn": {
      "calls": 21,
      "cpu_ms": 0.6768999810446985,
      "gpu_ms": 0.3562239995226264
    },
    "scheduler_add_noise": {
      "calls": 21,
      "cpu_ms": 2.1641519851982594,
      "gpu_ms": 1.853920005261898
    }
  },
  "total_cpu_ms": 1608.8213059847476,
  "total_gpu_ms": 1607.739520988427
}