{
  "meta": {
    "WANVAE_DECODE_CHANNELS_LAST_3D": true,
    "cuda": "13.0",
    "cuda_capability": [
      10,
      3
    ],
    "cuda_device": "NVIDIA B300 SXM6 AC",
    "latent_device": "cuda:0",
    "latent_dtype": "torch.bfloat16",
    "latent_shape": [
      1,
      3,
      16,
      40,
      72
    ],
    "torch": "2.9.0+cu130",
    "use_cache": true
  },
  "steps": {
    "get_scale": {
      "calls": 4,
      "cpu_ms": 0.16029499238356948,
      "gpu_ms": 0.10441599786281586
    },
    "postprocess": {
      "calls": 4,
      "cpu_ms": 0.2296230013598688,
      "gpu_ms": 0.1626560017466545
    },
    "prep_permute_cast": {
      "calls": 4,
      "cpu_ms": 0.15246500697685406,
      "gpu_ms": 0.08044799976050854
    },
    "stream_decode": {
      "calls": 4,
      "cpu_ms": 240.02213499625213,
      "gpu_ms": 239.9623031616211
    }
  },
  "total_cpu_ms": 240.56451799697243,
  "total_gpu_ms": 240.30982316099107
}