{
  "blocks": {
    "auto_prepare_latents": {
      "calls": 7,
      "cpu_ms": 0.4615070065483451,
      "gpu_ms": 0.3614080063998699
    },
    "auto_preprocess_video": {
      "calls": 7,
      "cpu_ms": 0.18404699949314818,
      "gpu_ms": 0.08495999965816736
    },
    "decode": {
      "calls": 7,
      "cpu_ms": 418.8729869929375,
      "gpu_ms": 418.76124572753906
    },
    "denoise": {
      "calls": 7,
      "cpu_ms": 1610.05752300116,
      "gpu_ms": 1609.9324645996094
    },
    "embedding_blending": {
      "calls": 7,
      "cpu_ms": 0.3657239940366708,
      "gpu_ms": 0.2649280019104481
    },
    "prepare_context_frames": {
      "calls": 7,
      "cpu_ms": 0.6313499907264486,
      "gpu_ms": 0.5240319892764091
    },
    "prepare_next": {
      "calls": 7,
      "cpu_ms": 0.2084640073007904,
      "gpu_ms": 0.10566399991512299
    },
    "recompute_kv_cache": {
      "calls": 7,
      "cpu_ms": 472.76381199480966,
      "gpu_ms": 472.6420135498047
    },
    "set_timesteps": {
      "calls": 7,
      "cpu_ms": 0.3538780001690611,
      "gpu_ms": 0.2547839991748333
    },
    "setup_caches": {
      "calls": 7,
      "cpu_ms": 0.42382802348583937,
      "gpu_ms": 0.32016000151634216
    },
    "text_conditioning": {
      "calls": 7,
      "cpu_ms": 0.5454839993035421,
      "gpu_ms": 0.422751996666193
    }
  },
  "meta": {
    "cuda": "13.0",
    "cuda_capability": [
      10,
      3
    ],
    "cuda_device": "NVIDIA B300 SXM6 AC",
    "torch": "2.9.0+cu130"
  },
  "total_cpu_ms": 2504.868604009971,
  "total_gpu_ms": 2503.6744118714705
}