{
  "meta": {
    "cuda": "13.0",
    "cuda_capability": [
      10,
      3
    ],
    "cuda_device": "NVIDIA B300 SXM6 AC",
    "first_batch": false,
    "t": 3,
    "torch": "2.9.0+cu130",
    "z_device": "cuda:0",
    "z_dtype": "torch.bfloat16",
    "z_shape": [
      1,
      16,
      3,
      40,
      72
    ]
  },
  "steps": {
    "apply_scale": {
      "calls": 3,
      "cpu_ms": 0.12954699923284352,
      "gpu_ms": 0.08406399935483932
    },
    "conv2": {
      "calls": 3,
      "cpu_ms": 0.26987499586539343,
      "gpu_ms": 0.22777599841356277
    },
    "decoder_chunk": {
      "calls": 3,
      "cpu_ms": 187.58800400973996,
      "gpu_ms": 187.52355194091797
    }
  },
  "total_cpu_ms": 187.9874260048382,
  "total_gpu_ms": 187.83539193868637
}