{
  "blocks": {
    "auto_prepare_latents": {
      "calls": 3,
      "cpu_ms": 0.22276399977272376,
      "gpu_ms": 0.18095999956130981
    },
    "auto_preprocess_video": {
      "calls": 3,
      "cpu_ms": 0.08389899994654115,
      "gpu_ms": 0.04227199964225292
    },
    "decode": {
      "calls": 3,
      "cpu_ms": 189.5479670001805,
      "gpu_ms": 189.5004768371582
    },
    "denoise": {
      "calls": 3,
      "cpu_ms": 998.8142609990973,
      "gpu_ms": 998.7607421875
    },
    "embedding_blending": {
      "calls": 3,
      "cpu_ms": 0.16488399978697998,
      "gpu_ms": 0.12108800187706947
    },
    "prepare_context_frames": {
      "calls": 3,
      "cpu_ms": 0.33019900001818314,
      "gpu_ms": 0.27759999781847
    },
    "prepare_next": {
      "calls": 3,
      "cpu_ms": 0.09371700070914812,
      "gpu_ms": 0.05052799917757511
    },
    "recompute_kv_cache": {
      "calls": 3,
      "cpu_ms": 246.93155700060743,
      "gpu_ms": 246.88713836669922
    },
    "set_timesteps": {
      "calls": 3,
      "cpu_ms": 0.17588500031706644,
      "gpu_ms": 0.12624000385403633
    },
    "setup_caches": {
      "calls": 3,
      "cpu_ms": 0.1881950001916266,
      "gpu_ms": 0.14767999947071075
    },
    "text_conditioning": {
      "calls": 3,
      "cpu_ms": 0.2671429992915364,
      "gpu_ms": 0.21267199888825417
    }
  },
  "meta": {
    "cuda": "13.0",
    "cuda_capability": [
      10,
      3
    ],
    "cuda_device": "NVIDIA B300 SXM6 AC",
    "torch": "2.9.0+cu130"
  },
  "total_cpu_ms": 1436.820470999919,
  "total_gpu_ms": 1436.307397391647
}