{
  "blocks": {
    "auto_prepare_latents": {
      "calls": 3,
      "cpu_ms": 0.23469999723602086,
      "gpu_ms": 0.19113600254058838
    },
    "auto_preprocess_video": {
      "calls": 3,
      "cpu_ms": 0.07975600601639599,
      "gpu_ms": 0.03830400016158819
    },
    "decode": {
      "calls": 3,
      "cpu_ms": 607.9825009946944,
      "gpu_ms": 607.9387512207031
    },
    "denoise": {
      "calls": 3,
      "cpu_ms": 1056.9949869968696,
      "gpu_ms": 1056.9530944824219
    },
    "embedding_blending": {
      "calls": 3,
      "cpu_ms": 0.17559499974595383,
      "gpu_ms": 0.12444800138473511
    },
    "prepare_context_frames": {
      "calls": 3,
      "cpu_ms": 0.4050050010846462,
      "gpu_ms": 0.3572160005569458
    },
    "prepare_next": {
      "calls": 3,
      "cpu_ms": 0.10200500037171878,
      "gpu_ms": 0.0558719988912344
    },
    "recompute_kv_cache": {
      "calls": 3,
      "cpu_ms": 296.92353200516663,
      "gpu_ms": 296.8673629760742
    },
    "set_timesteps": {
      "calls": 3,
      "cpu_ms": 0.17674199261819012,
      "gpu_ms": 0.1345919966697693
    },
    "setup_caches": {
      "calls": 3,
      "cpu_ms": 0.18707300114328973,
      "gpu_ms": 0.14643200114369392
    },
    "text_conditioning": {
      "calls": 3,
      "cpu_ms": 0.2646390021254774,
      "gpu_ms": 0.2104640007019043
    }
  },
  "meta": {
    "cuda": "13.0",
    "cuda_capability": [
      10,
      3
    ],
    "cuda_device": "NVIDIA B300 SXM6 AC",
    "torch": "2.9.0+cu130"
  },
  "total_cpu_ms": 1963.5265349970723,
  "total_gpu_ms": 1963.0176726812497
}